id,Code,Industry,Time,Net income,EPS,PRICE,Audit,Opion,Auditdate,Currentassets,Longassets,Totalassets,Liability,Currentliability,Longliability,Equity,Revenues,EV,Cash,Cash1,shortinvestment,Receilvables,Inventory,depreclation,Bookvalue
1,AAA,SX,2002,309193823134,757,9450,EY,CNTP,29-03-2024,5.68158E+12,5.90187E+12,1.15834E+13,5.61957E+12,3.73704E+12,1.88253E+12,5.96387E+12,1.26282E+13,3.61249E+12,1.07961E+12,1.20489E+12,6.87E+11,7.8339E+11,82297269278,"3,634,111,728,928",15601
2,AAM,SX,1979,703150885,40,9330,A&C,CNTP,22-02-2024,1.73749E+11,39108508899,2.12857E+11,10221544787,9148047007,1073497780,2.02636E+11,1.39259E+11,97509528060,5000039920,13844480998,12105203320,1.27268E+11,,"74,620,543,414",19389
3,AAT,SX,1995,17137592925,242,4900,,,,4.6881E+11,5.84346E+11,1.05316E+12,3.04536E+11,1.60945E+11,1.43591E+11,7.4862E+11,5.99597E+11,3.47014E+11,20000000000,3.98681E+11,54404093753,29579551608,31444164742,"537,407,880,714",10571
4,ABR,CN,2012,30982405215,1549,13750,Vietvalues,CNTP,25-03-2024,1.74259E+11,2.09823E+11,3.84082E+11,67943209116,50640776335,17302432781,3.16138E+11,53676044563,2.75E+11,1.29694E+11,39640096445,35632461126,,2283354644,"271,631,997,486",15807
5,ABS,SX,2004,8287009671,98,5790,AASCN,CNTPGT,29-03-2024,1.12166E+12,4.57548E+11,1.57921E+12,6.65242E+11,6.64305E+11,937500000,9.13963E+11,1.02522E+12,4.632E+11,1046000,1.11569E+12,9.10329E+11,3791702872,3.57025E+11,"1,054,278,410,762",11425
6,ABT,SX,1977,63871593981,4900,35000,EY,CNTP,25-03-2024,3.37588E+11,3.13797E+11,6.51384E+11,1.60565E+11,1.57455E+11,3109611000,4.90819E+11,5.32793E+11,4.12204E+11,1.45434E+11,88063011151,41007804301,1.36817E+11,,"491,220,937,216",41675
7,ACC,SX,2008,70154709497,662,12350,AnViet,CNTP,28-03-2024,1.75218E+12,5.99863E+11,2.35204E+12,1.067E+12,8.84553E+11,1.82449E+11,1.28504E+12,6.5159E+11,1.29675E+12,,6.97596E+11,4.48776E+11,1.00651E+12,1E+11,"2,047,238,196,628",12238
8,ACG,SX,2006,436716800582,2896,37600,PWC,CNTP,28-03-2024,4.1315E+12,1.39058E+12,5.52208E+12,1.34853E+12,1.33351E+12,15020821910,4.17356E+12,3.77872E+12,5.66963E+12,1.8345E+12,1.07872E+12,7.23795E+11,1.17052E+12,1.64948E+11,"6,309,358,011,287",27678
9,ACL,SX,2003,9852743462,196,11850,A&C,CNTP,25-03-2024,1.48211E+12,2.67075E+11,1.74918E+12,9.50038E+11,9.50038E+11,,7.99142E+11,1.11777E+12,5.94384E+11,,2.21041E+11,2.27929E+11,1.09306E+12,,"1,326,283,425,302",15932
10,ADG,DV,2008,22242445322,939,21500,CPA VIETNAM,CNTPGT,28-03-2024,2.645E+11,1.85394E+11,4.49894E+11,1.03725E+11,1.00785E+11,2940129836,3.46169E+11,4.11871E+11,4.59681E+11,1.5879E+11,70087089711,59225394305,2009453522,5299769291,"473,496,842,799",16191
11,ADP,SX,1970,58934029150,2558,19000,AASCS,CNTP,18-03-2024,3.38669E+11,42659482116,3.81329E+11,94138398232,94138398232,,2.8719E+11,5.19138E+11,4.37757E+11,1.3E+11,65341854280,63536051725,1.24185E+11,,"419,243,238,745",12465
12,ADS,SX,2006,74990043518,1120,13200,UHY,CNTP,27-03-2024,1.94539E+12,5.58405E+11,2.50379E+12,1.58554E+12,1.47293E+12,1.1261E+11,9.18251E+11,1.64185E+12,7.7081E+11,3.8045E+11,8.81034E+11,2.1068E+11,5.18207E+11,,"1,511,400,011,763",15725
13,AGG,XD,2007,460384055847,1402,26500,EY,CNTP,29-03-2024,8.3024E+12,9.91E+11,9.2934E+12,6.41728E+12,5.2847E+12,1.13258E+12,2.87612E+12,3.89105E+12,3.31564E+12,54530326729,5.19493E+12,4.36016E+11,2.01448E+12,7.30621E+11,"3,944,351,019,626",22987
14,AGM,SX,1976,-220865607056,-11809,6280,SV,CNNT,25-03-2024,3.44928E+11,8.92151E+11,1.23708E+12,1.21525E+12,1.18233E+12,32920526773,21826579198,7.88772E+11,1.14296E+11,8828400000,2.82117E+11,2.14967E+11,25086652060,2.23259E+11,"1,093,546,769,173",1199
15,ANV,SX,1993,39191645110,293,31100,A&C,CNTP,29-03-2024,2.9506E+12,2.16207E+12,5.11267E+12,2.2648E+12,2.10311E+12,1.6169E+11,2.84787E+12,4.46179E+12,4.14028E+12,71923630137,3.69116E+11,3.58878E+11,2.36366E+12,32632443257,"5,842,579,157,682",21392
16,APH,SX,2017,219282878375,140,7680,EY,CNTP,29-03-2024,6.46114E+12,5.91133E+12,1.23725E+13,6.64505E+12,4.66166E+12,1.98339E+12,5.72743E+12,1.45303E+13,1.87303E+12,1.2798E+12,1.4429E+12,9.1994E+11,1.01716E+12,20584816813,"3,184,617,758,302",23484
17,ASG,VT,2010,27024912994,53,21450,AASC,CNTPGT,28-03-2024,1.73485E+12,1.31526E+12,3.05011E+12,1.19971E+12,6.685E+11,5.31205E+11,1.85041E+12,1.92032E+12,1.62278E+12,9.82672E+11,5.2938E+11,3.56815E+11,32818259686,42815505501,"2,193,992,262,632",24459
18,ASM,SX,1997,251699371212,580,10400,AASCS,CNTP,24-03-2024,1.10901E+13,9.21732E+12,2.03075E+13,1.24812E+13,8.20397E+12,4.2772E+12,7.82628E+12,1.19915E+13,3.49988E+12,9.81956E+11,4.13225E+12,1.66326E+12,4.55672E+12,35363850763,"12,916,628,572,806",23226
19,ASP,TI,2004,-84200722522,-2234,4800,CPA VIETNAM,CNNT,29-03-2024,1.30963E+12,9.62228E+11,2.27186E+12,1.88145E+12,1.64757E+12,2.33875E+11,3.90407E+11,3.82857E+12,1.7923E+11,71400000000,8.90473E+11,8.36464E+11,1.00306E+11,1.44891E+11,"736,590,730,033",10456
20,AST,VT,2015,150597519364,2473,50500,EY,CNTP,27-03-2024,5.20293E+11,2.40952E+11,7.61244E+11,1.73524E+11,1.71324E+11,2200000000,5.87721E+11,1.09969E+12,2.2725E+12,2.39824E+11,59016181383,26072911430,1.0056E+11,6313589845,"2,197,727,308,188",13060
21,BAF,SX,2017,30325349728,184,25850,EY,CNTP,25-03-2024,3.14801E+12,3.38565E+12,6.53366E+12,4.62534E+12,3.01107E+12,1.61426E+12,1.90832E+12,5.20423E+12,3.70999E+12,3.26525E+11,1.10507E+12,8.9046E+11,1.59296E+12,1.20477E+11,"5,474,552,414,011",13297
22,BBC,SX,1998,96162359969,4872,50100,EY,CNTP,29-03-2024,1.24222E+12,1.08557E+12,2.32779E+12,9.15458E+11,9.00371E+11,15087436477,1.41233E+12,1.51072E+12,9.3951E+11,1.1814E+11,7.70158E+11,1.39285E+11,1.29889E+11,23000000,"1,191,338,628,396",75314
23,BCE,XD,2002,779086770,22,5830,A&C,CNTP,21-03-2024,5.19463E+11,1.68174E+11,6.87637E+11,3.54234E+11,3.53503E+11,731461329,3.33403E+11,1.22674E+11,2.0405E+11,,4.22787E+11,3.4999E+11,37408527200,86915929534,"279,944,112,153",9526
24,BCG,XD,2011,171077335293,111,8820,AASCS,CNTPGT,29-03-2024,1.94786E+13,2.25307E+13,4.20093E+13,2.45416E+13,1.20902E+13,1.24514E+13,1.74677E+13,4.11237E+12,4.70518E+12,5.41419E+11,1.39415E+13,1.09857E+12,3.81169E+12,8.12898E+12,"16,068,612,992,577",32744
25,BCM,XD,1976,2280087767209,2187,62900,A&C,CNTP,27-03-2024,2.84409E+13,2.4983E+13,5.34239E+13,3.3951E+13,2.29976E+13,1.09534E+13,1.94729E+13,8.17457E+12,6.51015E+13,87314044988,7.02398E+12,5.66732E+12,1.98345E+13,5.329E+11,"83,485,687,808,985",18814
26,BFC,SX,1973,134817816000,2334,24700,Vietvalues,CNTP,5/3/2024,2.74333E+12,7.11318E+11,3.45465E+12,2.16889E+12,2.15929E+12,9600186993,1.28576E+12,8.70635E+12,1.41205E+12,20000000000,5.61031E+11,5.75753E+11,1.52244E+12,4209144670,"2,298,517,444,867",22491
27,BHN,SX,1890,354684835160,1426,40000,AASCN,CNTP,29-03-2024,5.13587E+12,2.01411E+12,7.14998E+12,1.84247E+12,1.72634E+12,1.1613E+11,5.30751E+12,7.90096E+12,9.272E+12,2.72409E+12,4.28021E+11,3.28609E+11,7.38696E+11,334000000,"8,224,733,268,945",22893
28,BKG,SX,2015,10770347895,155,4360,TTP,CNTP,29-03-2024,6.67915E+11,2.47503E+11,9.15418E+11,33537190949,31849229949,1687961000,8.81881E+11,1.86174E+11,2.97352E+11,22000000000,4.64362E+11,34451154706,98803761346,54505791,"232,374,018,706",12931
29,BMC,KK,1985,24197136802,1953,14800,AASCS,CNTP,25-01-2024,2.01398E+11,49378695454,2.50777E+11,22467234052,22467234052,,2.2831E+11,1.79942E+11,1.83411E+11,43000000000,17600930807,15120096000,77100769856,7928423500,"137,671,219,554",18423
30,BMP,SX,1977,1041006333282,12717,104300,KPMG,CNTP,22-03-2024,2.5939E+12,6.61101E+11,3.255E+12,5.65272E+11,5.4615E+11,19121527459,2.68973E+12,5.19992E+12,8.5381E+12,1.19E+12,1.74028E+11,1.32519E+11,3.64666E+11,20000000000,"7,771,851,376,294",32857
31,BRC,SX,1976,19420087019,1569,12100,AASC,CNTP,21-02-2024,1.97175E+11,93434531107,2.9061E+11,80799953036,80799953036,,2.0981E+11,3.32278E+11,1.49737E+11,7788000,92928030734,93206568555,77948217214,,"164,074,788,256",16954
32,BTP,TI,1992,71821405002,1187,15900,Deloitte,CNTP,28-03-2024,6.50032E+11,8.07373E+11,1.4574E+12,2.55424E+11,1.08788E+11,1.46636E+11,1.20198E+12,7.79821E+11,9.61721E+11,2.55E+11,76221022287,51210222454,1.66546E+11,,"1,034,423,495,610",19872
33,BTT,BL,1992,49421453589,3665,31000,AISC,CNTP,14-03-2024,1.64296E+11,3.44074E+11,5.0837E+11,1.20528E+11,44782420363,75745084744,3.87843E+11,2.32433E+11,4.185E+11,66790000000,16465120708,990514772,36571366363,110000000,"377,602,024,699",28729
34,BWE,TI,1975,681981565164,2902,41200,AASC,CNTP,26-02-2024,2.70583E+12,9.41589E+12,1.21217E+13,7.15796E+12,2.38477E+12,4.77319E+12,4.96376E+12,3.52594E+12,7.9483E+12,2.64714E+11,7.80692E+11,5.131E+11,9.2322E+11,9.52023E+11,"12,723,862,896,909",22509
35,C32,KK,1993,-26982148276,-1795,16800,A&C,CNTP,30-03-2024,4.62589E+11,4.01921E+11,8.6451E+11,3.28578E+11,3.28578E+11,,5.35932E+11,4.94137E+11,2.52506E+11,45786556067,2.54023E+11,1.60168E+11,1.03987E+11,,"434,916,122,382",35657
36,C47,XD,1975,14631908182,485,7000,TTP,CNNT,29-03-2024,1.26589E+12,5.42085E+11,1.80797E+12,1.37062E+12,1.03883E+12,3.31793E+11,4.37352E+11,9.86064E+11,2.54396E+11,,4.05972E+11,2.6522E+11,8.45362E+11,18568399335,"947,061,055,425",12034
37,CAV,SX,1975,420446531421,7240,68200,Deloitte,CNTP,26-02-2024,2.51593E+12,1.36728E+12,3.88321E+12,2.43983E+12,2.20362E+12,2.36208E+11,1.44338E+12,1.02183E+13,3.92078E+12,,4.52367E+11,4.41399E+11,1.95743E+12,7167539911,"5,484,406,284,174",25107
38,CCI,BL,1992,25155426972,1222,26500,Vietvalues,CNTP,8/3/2024,4.81358E+11,3.02166E+11,7.83524E+11,5.18628E+11,34344075766,4.84284E+11,2.64896E+11,4.25127E+11,4.64839E+11,4.18182E+11,19353905306,12197450130,7339138203,580200000,"428,481,876,992",15101
39,CCL,XD,2007,57697557914,,7200,AASCS,CNTP,19-03-2024,9.62194E+11,1.76874E+11,1.13907E+12,4.53213E+11,2.56613E+11,1.96601E+11,6.85855E+11,3.2704E+11,4.28986E+11,20000000,6.85784E+11,1.30752E+11,2.74216E+11,62750531709,"731,039,061,635",11511
40,CDC,XD,1977,10655793482,389,20050,RSM,CNTP,29-03-2024,1.61319E+12,1.92689E+11,1.80588E+12,1.46757E+12,1.21634E+12,2.51223E+11,3.38314E+11,1.30371E+12,4.40874E+11,3.50356E+11,7.45817E+11,5.62024E+11,3.82431E+11,641868468,"1,134,531,358,737",15386
41,CHP,TI,2004,336954868099,2294,25300,AAC,CNTP,4/3/2024,5.72564E+11,2.39467E+12,2.96723E+12,1.02871E+12,4.33121E+11,5.95591E+11,1.93852E+12,8.81378E+11,3.71689E+12,30000000000,4.23668E+11,4.19444E+11,4979737614,,"4,408,027,296,251",13195
42,CIG,XD,1973,-7212365906,-228,6480,AASCN,CNNT,28-03-2024,4.77121E+11,2.21958E+11,6.99079E+11,5.4494E+11,5.44905E+11,34737317,1.54139E+11,66138358271,2.04379E+11,,4.53226E+11,31588070984,15279542387,,"388,479,993,849",4887
43,CII,XD,2001,369952270581,583,17250,iCPA,CNTP,29-02-2024,6.91076E+12,2.62733E+13,3.31841E+13,2.46788E+13,8.14417E+12,1.65346E+13,8.50533E+12,3.19532E+12,5.49179E+12,9.96185E+11,4.05984E+12,4.85056E+11,5.8905E+11,3.03548E+12,"21,807,485,799,314",26716
44,CKG,XD,2006,155213047372,1508,21850,AFC,CNTP,29-03-2024,3.79878E+12,9.4017E+11,4.73895E+12,3.35765E+12,2.19818E+12,1.15947E+12,1.3813E+12,1.31053E+12,2.08142E+12,3500000000,8.44856E+11,90790629481,2.9062E+12,2591849559,"2,441,954,178,061",14500
45,CLC,SX,1992,140365487304,4820,37550,UHY,CNTP,11/3/2024,1.45279E+12,1.14004E+11,1.56679E+12,6.91196E+11,6.9069E+11,505995082,8.75597E+11,2.97091E+12,9.84095E+11,,3.13239E+11,3.1189E+11,1.09484E+12,1510230000,"1,266,786,817,306",33410
46,CLL,VT,2007,98500287751,2711,36900,A&C,CNTP,28-02-2024,3.85963E+11,2.89139E+11,6.75102E+11,56370722240,56370722240,,6.18731E+11,3.06291E+11,1.2546E+12,85000000000,58765209483,47101566173,5185890519,188800000,"1,019,720,896,064",18198
47,CLW,TI,1991,48561329804,2096,34650,UHY,CNTPGT,20-03-2024,3.22315E+11,2.5395E+11,5.76265E+11,3.47615E+11,2.62744E+11,84870889251,2.2865E+11,1.30483E+12,4.5045E+11,1.3456E+11,60518421820,58231646204,43025295783,331760000,"471,542,431,346",17588
48,CMG,CN,1993,390903433673,1684,43500,,,,3.24735E+12,3.67491E+12,6.92226E+12,3.58066E+12,2.73274E+12,8.47921E+11,3.3416E+12,7.32536E+12,8.26617E+12,1.09906E+12,1.39476E+12,1.27794E+12,1.17239E+11,33743654777,"9,302,063,049,454",17585
49,CMV,BL,1980,14800745483,826,8500,Vietvalues,CNTP,22-03-2024,4.15221E+11,1.15699E+11,5.3092E+11,2.86078E+11,2.83818E+11,2260843800,2.44842E+11,4.26077E+12,1.54325E+11,6404000000,1.00798E+11,74592882706,2.4958E+11,5396996000,"303,573,787,599",13486
50,CMX,SX,1997,66951557093,479,8720,A&C,CNTP,29-03-2024,2.1044E+12,1.32136E+12,3.42576E+12,1.93159E+12,1.57522E+12,3.56364E+11,1.49417E+12,2.04775E+12,8.88559E+11,39920000000,6.67853E+11,4.42815E+11,1.39419E+12,1030000000,"2,393,251,384,413",14663
51,CNG,TI,2007,110268725490,2778,27400,PWC,CNTP,28-02-2024,9.61005E+11,1.97572E+11,1.15858E+12,5.55942E+11,5.29159E+11,26783227619,6.02635E+11,3.11201E+12,9.61721E+11,79288000000,4.74006E+11,4.68069E+11,78804564731,329700000,"692,250,423,842",17169
52,COM,BL,1975,34457590900,2440,38550,AASCS,CNTP,22-02-2024,1.99891E+11,2.90305E+11,4.90196E+11,51011163798,51011163798,,4.39185E+11,4.34265E+12,5.4435E+11,12365447750,17211936562,52603292869,50632744398,1900000000,"427,001,239,961",31102
53,CRC,SX,2010,29453188175,961,5460,AFC,CNTP,27-03-2024,2.72362E+11,3.75621E+11,6.47983E+11,2.45602E+11,1.69953E+11,75648645107,4.02382E+11,3.54309E+11,1.638E+11,48820000000,95395827597,12927677085,42321480957,42450000000,"336,807,387,462",13413
54,CRE,XD,2001,2055354533,4,8600,AASC,CNNT,30-03-2024,4.96076E+12,2.14052E+12,7.10128E+12,1.48074E+12,1.123E+12,3.57743E+11,5.62053E+12,1.0262E+12,3.98763E+12,1.34142E+11,4.1107E+12,5.41726E+11,5.5605E+11,1.7503E+12,"4,633,034,203,669",12122
55,CSM,SX,1976,60374641748,384,12200,AASCS,CNTP,14-03-2024,2.86255E+12,1.02175E+12,3.8843E+12,2.5601E+12,2.45835E+12,1.01748E+11,1.3242E+12,5.49756E+12,1.26423E+12,,8.89032E+11,8.40291E+11,1.31333E+12,988480286,"2,961,334,883,320",12779
56,CSV,SX,1976,230619245583,4166,41000,VAE,CNTP,7/3/2024,1.30363E+12,4.18327E+11,1.72196E+12,2.85728E+11,2.85728E+11,,1.43623E+12,1.58844E+12,1.8122E+12,5.4E+11,2.36129E+11,2.22013E+11,3.68698E+11,526000000,"1,806,066,503,937",32494
57,CTD,XD,2004,,,68800,,,,,,,,,,,,6.82611E+12,,,,,,"4,332,656,271,097",83370
58,CTF,BL,2009,44047120594,517,32100,AASCS,CNTP,26-03-2024,2.59199E+12,1.06546E+12,3.65746E+12,2.5828E+12,2.2203E+12,3.62495E+11,1.07466E+12,7.38588E+12,2.86963E+12,,1.87691E+12,1.01957E+12,6.18835E+11,3.16622E+11,"4,996,284,729,370",12021
59,CTI,XD,2000,80033959521,1345,15400,AISC,CNTP,28-03-2024,3.66835E+11,4.14888E+12,4.51572E+12,3.1051E+12,6.24971E+11,2.48013E+12,1.41062E+12,8.14406E+11,8.4392E+11,3139608456,1.59503E+11,29537803503,1.6937E+11,15488733046,"3,279,062,188,595",25741
60,CTR,CN,1995,515877770504,4510,91800,AASC,CNTP,15-03-2024,5.6138E+12,1.30201E+12,6.91581E+12,4.92783E+12,4.53546E+12,3.9237E+11,1.98797E+12,1.1299E+13,1.05006E+13,1E+12,2.92419E+12,1.97836E+12,8.08824E+11,,"11,256,012,404,125",17380
61,CVT,SX,1958,40619518535,1107,30800,EY,CNTP,29-03-2024,2.37141E+12,9.40277E+11,3.31168E+12,2.40017E+12,1.38184E+12,1.01832E+12,9.11517E+11,2.00249E+12,1.13008E+12,24800000000,1.54083E+12,2.45931E+11,6.33893E+11,,"2,812,347,142,243",24722
62,D2D,XD,1992,25753192699,746,25200,RSM,CNTP,7/3/2024,3.85912E+11,1.17285E+12,1.55876E+12,6.22131E+11,74557089507,5.47574E+11,9.36634E+11,1.94833E+11,7.62545E+11,90000000000,50990022471,10167552344,1.53405E+11,11051824770,"733,313,220,248",30953
63,DAG,SX,2001,-257209566914,-4516,3190,,,,1.40142E+12,7.73121E+11,2.17454E+12,1.7448E+12,1.48788E+12,2.56912E+11,4.29746E+11,1.20363E+12,1.92396E+11,,5.21009E+11,3.81738E+11,8.9059E+11,1.053E+11,"1,462,134,728,961",7125
64,DAH,DV,2003,3797166303,45,4400,TTP,CNTP,29-03-2024,38844245296,1.0838E+12,1.12265E+12,2.00541E+11,42538158543,1.58003E+11,9.22105E+11,47346798826,3.7048E+11,,21773532638,8689051133,2337101034,24000000000,"542,825,452,851",10951
65,DAT,SX,2008,75313544684,1197,9270,AASCS,CNTP,20-03-2024,1.13186E+12,5.30743E+11,1.6626E+12,8.20862E+11,7.95845E+11,25017130594,8.41738E+11,2.93974E+12,5.83408E+11,2.16623E+11,3.95048E+11,3.58167E+11,56715472359,1.75899E+11,"866,045,677,653",13212
66,DBC,SX,1996,25007194215,103,27400,EY,CNTP,29-03-2024,7.10124E+12,5.91046E+12,1.30117E+13,8.34547E+12,7.14161E+12,1.20386E+12,4.66623E+12,1.12412E+13,6.63085E+12,4.89883E+11,4.24295E+11,2.22496E+11,5.5E+12,36857580999,"11,905,875,136,102",19282
67,DBD,SX,1976,269054870446,3092,54200,EY,CNTP,20-03-2024,1.26069E+12,7.28223E+11,1.98891E+12,5.56068E+11,4.17989E+11,1.38078E+11,1.43284E+12,1.73173E+12,4.05652E+12,2.21195E+11,4.52186E+11,4.99326E+11,4.98363E+11,,"4,047,978,378,706",19087
68,DBT,SX,1976,17466188133,893,12200,EY,CNTP,29-03-2024,6.88912E+11,1.66696E+11,8.55608E+11,6.07723E+11,5.96352E+11,11371443639,2.47885E+11,8.12609E+11,1.99171E+11,61050570995,2.48211E+11,1.72047E+11,3.60339E+11,3080779785,"646,399,200,629",15181
69,DC4,XD,1994,107067097134,2045,10400,AASCN,CNTP,28-03-2024,1.3087E+12,3.69177E+11,1.67787E+12,9.75843E+11,9.6319E+11,12652804893,7.02032E+11,5.77972E+11,5.45997E+11,4409865564,3.4357E+11,2.4487E+11,9.31008E+11,3456783294,"839,998,523,450",13372
70,DCL,SX,1976,62134364376,845,25000,CA&A,CNTP,23-03-2024,1.40312E+12,8.74336E+11,2.27746E+12,8.26668E+11,6.18075E+11,2.08593E+11,1.45079E+12,1.17047E+12,1.82603E+12,2.04149E+11,7.73475E+11,2.93213E+11,3.72582E+11,3501500000,"2,078,033,501,111",19863
71,DCM,SX,2011,1110142716892,1797,32400,Deloitte,CNTP,26-02-2024,1.35045E+13,1.73347E+12,1.5238E+13,5.27458E+12,4.51726E+12,7.57325E+11,9.96338E+12,1.29495E+13,1.71526E+13,8.242E+12,3.65838E+11,1.98512E+11,2.19219E+12,,"15,716,930,500,058",18820
72,DGC,SX,1963,3241661075841,7673,94400,PWC,CNTP,29-02-2024,1.24666E+13,3.06926E+12,1.55359E+13,3.50897E+12,3.49291E+12,16061329545,1.20269E+13,9.76106E+12,3.58511E+13,9.342E+12,1.12951E+12,7.17628E+11,8.55121E+11,31224645692,"35,312,768,631,145",31668
73,DGW,BB,2007,362591134271,2161,52300,EY,CNTP,28-03-2024,6.80246E+12,6.56574E+11,7.45903E+12,4.83218E+12,4.816E+12,16182286507,2.62685E+12,1.88672E+13,8.73792E+12,,2.16731E+12,1.98165E+12,3.14348E+12,14863131582,"9,405,477,478,717",15723
74,DHA,KK,2000,87053668250,5912,48950,CPA VIETNAM,CNTP,13-03-2024,3.59927E+11,1.09169E+11,4.69096E+11,58327753502,51926646930,6401106572,4.10768E+11,3.75398E+11,7.20841E+11,1.86639E+11,51889172444,28372521954,2829808101,10005930366,"604,679,638,308",27894
75,DHC,SX,1994,309338388739,3766,38000,EY,CNTP,28-03-2024,1.78533E+12,1.12976E+12,2.9151E+12,1.06319E+12,1.0625E+12,696922421,1.8519E+12,3.26126E+12,3.05874E+12,1.0117E+11,8.93955E+11,6.31928E+11,5.04235E+11,4735030000,"3,513,298,862,401",23007
76,DHG,SX,1974,1050662658695,7780,104000,Deloitte,CNTP,7/2/2024,4.64219E+12,1.46828E+12,6.11047E+12,1.25754E+12,1.18924E+12,68297565221,4.85293E+12,5.76773E+12,1.35976E+13,2.23E+12,7.20853E+11,5.64317E+11,1.5388E+12,205000000,"14,075,621,905,202",37117
77,DHM,KK,2003,5977885872,190,7550,NVT,CNTP,29-03-2024,7.25305E+11,2.07057E+11,9.32363E+11,5.79891E+11,5.78891E+11,1000000000,3.52471E+11,2.73217E+12,2.37041E+11,1.03061E+11,4.55448E+11,3.42777E+11,1.46488E+11,44000000,"580,385,665,340",11227
78,DIG,XD,1990,111623208557,195,26750,AASCN,CNTP,25-03-2024,1.39781E+13,2.84952E+12,1.68276E+13,8.93405E+12,7.80792E+12,1.12613E+12,7.89356E+12,1.0391E+12,1.63135E+13,1.9671E+11,4.70451E+12,1.03743E+12,6.55369E+12,1.38118E+12,"17,118,271,376,844",12943
79,DLG,SX,1995,-578740031199,-1987,2450,Vietvalues,CNNT,30-03-2024,1.13171E+12,3.92024E+12,5.05195E+12,4.52443E+12,2.76967E+12,1.75476E+12,5.27515E+11,1.12234E+12,7.33309E+11,50000000000,7.07118E+11,7.97673E+11,2.61461E+11,1.12544E+12,"3,349,824,221,667",1762
80,DMC,SX,1985,183332760778,4487,57500,EY,CNTP,29-03-2024,1.67146E+12,1.77701E+11,1.84917E+12,3.28652E+11,3.28271E+11,381707930,1.52051E+12,1.7216E+12,1.99683E+12,4.75E+11,7.18723E+11,6.88887E+11,3.58681E+11,,"1,882,497,623,458",43784
81,DPG,XD,2002,282686723503,3223,39650,A&C,CNTP,15-03-2024,3.76801E+12,2.92144E+12,6.68945E+12,4.33959E+12,2.87975E+12,1.45983E+12,2.34987E+12,3.45014E+12,2.49793E+12,2.19658E+11,8.75029E+11,4.88832E+11,1.14473E+12,,"3,604,183,760,377",37300
82,DPM,SX,2003,529816920522,1030,33300,Deloitte,CNTP,8/3/2024,9.56511E+12,3.74415E+12,1.33093E+13,1.76406E+12,1.48449E+12,2.79567E+11,1.15452E+13,1.37195E+13,1.30314E+13,5.385E+12,6.42215E+11,4.32251E+11,1.94211E+12,876100000,"11,789,869,495,885",29502
83,DPR,SX,1927,254104618230,4166,31600,AFC,CNTP,26-03-2024,2.00604E+12,2.25222E+12,4.25826E+12,1.20392E+12,2.39217E+11,9.64703E+11,3.05434E+12,1.04191E+12,2.7456E+12,1.30302E+12,1.08288E+11,54948951677,1.72612E+11,3532071934,"2,425,821,522,460",35210
84,DQC,SX,1979,-33414291885,-1248,15150,AASCN,CNTP,26-03-2024,9.98364E+11,4.45696E+11,1.44406E+12,5.43516E+11,5.33808E+11,9708056203,9.00544E+11,8.71691E+11,4.17505E+11,56624960886,5.33916E+11,4.1758E+11,3.47331E+11,2593417338,"645,440,263,587",32493
85,DRC,SX,1975,246334432758,2074,26500,VAE,CNTP,7/3/2024,2.29188E+12,1.09245E+12,3.38434E+12,1.53296E+12,1.50814E+12,24819284014,1.85138E+12,4.65764E+12,3.148E+12,1.341E+11,4.56955E+11,4.06305E+11,1.23422E+12,474846000,"3,416,985,254,663",15582
86,DRH,XD,2006,-94969301922,-768,5030,,,,2.77054E+12,1.16784E+12,3.93838E+12,2.41866E+12,2.41495E+12,3706170490,1.51972E+12,8798071703,6.22251E+11,,1.51777E+12,68567755828,1.12625E+12,14461824000,"1,276,647,133,650",12285
87,DRL,TI,2003,58029555966,5741,65800,AFA,CNTP,9/3/2024,96051847867,38300721938,1.34353E+11,17030366826,17030366826,,1.17322E+11,1.05424E+11,6.251E+11,64200000000,28491303484,24305483845,859957134,,"622,809,078,884",12350
88,DSN,DV,1998,112507257004,7922,54800,AASC,CNTP,8/1/2024,3.27399E+11,19109024758,3.46508E+11,29619807345,28724048038,895759307,3.16888E+11,2.48914E+11,6.62149E+11,2.73117E+11,12731866671,,1218358644,285000000,"623,381,014,260",26226
89,DTA,XD,2003,1332721130,74,5400,AISC,CNTP,25-03-2024,1.86753E+11,5.22142E+11,7.08895E+11,5.06008E+11,4.09779E+11,96229235428,2.02886E+11,1.00008E+11,97523092800,3340000000,39326276641,33619569474,1.24308E+11,38158266280,"200,949,040,717",11234
90,DTL,SX,2001,-156135433221,-2575,16750,RSM,CNTP,29-03-2024,1.54621E+12,5.26593E+11,2.0728E+12,1.3175E+12,1.24727E+12,70229644490,7.55302E+11,1.97253E+12,1.01557E+12,1000000,3.93996E+11,3.40718E+11,1.1229E+12,2152500005,"1,973,598,433,442",12457
91,DTT,SX,1994,8504290323,1043,22500,AASC,CNTP,28-03-2024,89466018600,82013172760,1.71479E+11,41163074775,40656154775,506920000,1.30316E+11,1.71544E+11,1.83416E+11,72000,26207328076,23952287576,33960276233,,"178,913,766,999",15986
92,DVP,VT,2002,330679107837,8267,71900,AASC,CNTP,27-02-2024,1.24694E+12,3.88837E+11,1.63578E+12,2.59763E+11,2.59763E+11,,1.37601E+12,5.49212E+11,2.876E+12,1.145E+12,65975152514,41122479980,8993002953,122986000,"2,861,373,567,032",34400
93,DXG,XD,2003,150240038598,273,19350,EY,CNTP,5/3/2024,2.62298E+13,2.55668E+12,2.87864E+13,1.46001E+13,1.16176E+13,2.9825E+12,1.41864E+13,3.72483E+12,1.18041E+13,97174701710,1.14226E+13,1.37461E+12,1.41391E+13,1.49201E+11,"18,784,692,599,137",23255
94,DXS,XD,2010,-160261911611,-293,7500,EY,CNTP,29-03-2024,1.45686E+13,8.88568E+11,1.54571E+13,7.35418E+12,6.75442E+12,5.99756E+11,8.10294E+12,1.9974E+12,4.30577E+12,96944701710,9.97698E+12,1.21917E+12,4.11938E+12,2.04177E+11,"6,253,296,527,753",14114
95,DXV,SX,1975,-8331312241,-842,3840,AnViet,CNTP,6/3/2024,1.22188E+11,8821587040,1.3101E+11,28583790280,28583790280,,1.02426E+11,1.73908E+11,38016000000,,74576025422,75293677900,36994314633,,"27,581,768,955",10346
96,ELC,CN,1995,25657779781,,20850,UHY,CNTPGT,28-03-2024,1.09791E+12,3.91753E+11,1.48966E+12,5.94065E+11,5.76695E+11,17370294693,8.95596E+11,9.25023E+11,1.71575E+12,54310262487,7.73535E+11,7.412E+11,99692109923,59534265957,"1,588,903,590,973",10883
97,EVE,SX,1993,18641772642,425,15150,EY,CNTP,26-03-2024,7.70385E+11,5.85486E+11,1.35587E+12,3.559E+11,2.33683E+11,1.22217E+11,9.99971E+11,7.87684E+11,6.35994E+11,2.23236E+11,1.82263E+11,1.67122E+11,3.50972E+11,3114021409,"821,601,773,404",23820
98,EVG,XD,2009,31435352432,141,5650,AFC,CNNT,28-03-2024,2.71963E+12,8.8151E+11,3.60114E+12,9.71832E+11,4.48398E+11,5.23434E+11,2.62931E+12,1.09013E+12,1.21616E+12,,1.67845E+12,2.71326E+11,9.10636E+11,66235372150,"1,684,723,159,967",12215
99,FCM,SX,2007,15652456601,344,4740,EY,CNTP,29-03-2024,6.82188E+11,1.25374E+11,8.07561E+11,2.22949E+11,2.22663E+11,286000000,5.84612E+11,4.63643E+11,2.13774E+11,26597100000,5.02872E+11,5.22488E+11,98814310550,2557051951,"264,923,945,741",12963
100,FCN,XD,2004,-42089215119,-204,14350,CPA VIETNAM,CNTP,30-03-2024,6.1366E+12,2.44485E+12,8.58145E+12,5.21966E+12,4.31911E+12,9.00545E+11,3.36179E+12,2.87957E+12,2.25925E+12,24655423033,3.63211E+12,1.88955E+12,1.6806E+12,1.20155E+11,"4,043,954,751,070",21353
101,FDC,XD,1989,724785101,19,21900,EY,CNTP,20-03-2024,61543502589,6.07779E+11,6.69322E+11,2.23642E+11,2.20956E+11,2685334760,4.45681E+11,18771213545,8.45854E+11,,42109615244,1.99768E+11,,2.80005E+11,"833,755,670,675",11539
102,FIR,XD,2014,19086654877,297,19500,EY,CNTP,29-12-2023,8.66935E+11,5.35987E+11,1.40292E+12,6.61499E+11,5.25424E+11,1.36076E+11,7.41423E+11,1.69125E+11,1.25278E+12,,5.41975E+11,24326130739,3.10884E+11,2.10246E+11,"1,655,085,491,893",11541
103,FIT,SX,2007,-77624493684,-338,4490,A&C,CNTP,28-03-2024,5.63248E+12,2.08907E+12,7.72155E+12,1.93461E+12,1.66752E+12,2.67093E+11,5.78694E+12,1.77492E+12,1.5263E+12,1.5016E+12,3.59919E+12,3.69135E+11,4.37704E+11,4525200000,"3,092,389,405,915",17024
104,FMC,SX,1996,302336331166,4121,45000,EY,CNTP,25-03-2024,2.12705E+12,1.22913E+12,3.35618E+12,1.12204E+12,1.11172E+12,10321924250,2.23414E+12,5.08908E+12,2.9425E+12,97416519173,4.91782E+11,2.47893E+11,9.99827E+11,,"3,020,768,326,865",34167
105,FPT,CN,1988,7788049739616,4661,96100,PWC,CNTP,7/3/2024,3.67058E+13,2.35771E+13,6.02828E+13,3.03498E+13,2.96517E+13,6.98143E+11,2.9933E+13,5.26252E+13,1.22044E+14,1.61042E+13,9.67434E+12,9.05765E+12,1.72496E+12,2.47392E+11,"127,812,021,964,348",23568
106,FRT,BL,2012,-329196524512,-2537,107000,PWC,CNTP,29-02-2024,1.14153E+13,1.68314E+12,1.30984E+13,1.13793E+13,1.13787E+13,555901586,1.71917E+12,3.19756E+13,1.45779E+13,1.194E+12,3.94464E+11,1.26026E+11,8.47008E+12,1.79315E+11,"21,725,494,383,802",12618
107,GAS,TI,1990,11793095479543,4972,75500,PWC,CNTP,28-02-2024,6.22178E+13,2.55367E+13,8.77545E+13,2.24558E+13,1.49719E+13,7.48389E+12,6.52986E+13,9.00141E+13,1.73404E+14,3.50846E+13,1.68653E+13,1.25413E+13,4.06987E+12,3.18104E+11,"173,610,259,100,843",28431
108,GDT,SX,1991,36692331691,1647,23250,A&C,CNTP,1/4/2024,2.71944E+11,1.36964E+11,4.08907E+11,1.17251E+11,1.14605E+11,2646107049,2.91656E+11,3.13868E+11,4.99384E+11,68855000000,78955266197,29108914536,91952967897,150000000,"543,766,314,908",13579
109,GEG,TI,1989,143323947112,214,12850,PWC,CNTP,21-03-2024,1.45848E+12,1.46739E+13,1.61324E+13,1.0365E+13,1.67916E+12,8.68588E+12,5.76732E+12,2.16346E+12,4.38505E+12,2.33228E+11,8.29254E+11,4.73902E+11,1.26615E+11,40706085155,"14,252,506,067,797",15019
110,GEX,SX,1990,863884246392,388,23600,Deloitte,CNTP,28-02-2024,2.0299E+13,3.47778E+13,5.50769E+13,3.38531E+13,1.8591E+13,1.52622E+13,2.12238E+13,3.02964E+13,2.00953E+13,4.12337E+12,3.46439E+12,2.70592E+12,8.5883E+12,7.99022E+11,"36,772,846,271,701",24873
111,GIL,SX,1982,28881350991,419,24950,AASCS,CNTP,29-03-2024,2.87318E+12,4.83977E+11,3.35716E+12,8.13587E+11,6.41499E+11,1.72087E+11,2.54357E+12,9.36396E+11,1.74648E+12,2.22264E+11,4.37221E+11,1.54733E+11,1.36407E+12,2725348840,"1,336,642,621,091",36337
112,GMC,SX,1993,-51944754105,-1576,7990,AASCS,CNTP,29-03-2024,2.04688E+11,2.1439E+11,4.19078E+11,26699717340,10606323346,16093393994,3.92378E+11,8296582790,2.63278E+11,65968685907,4467585267,4723712358,1.30054E+11,,"236,880,266,062",11908
113,GMD,VT,1991,2533934246423,7207,70500,A&C,CNTP,30-03-2024,3.3802E+12,1.01658E+13,1.3546E+13,3.81365E+12,1.91534E+12,1.89831E+12,9.73237E+12,3.84583E+12,2.15658E+13,3.58867E+11,1.19318E+12,5.8466E+11,68169766561,39754955799,"21,739,217,676,953",31816
114,GMH,SX,1978,13702276482,830,9600,iCPA,CNTP,20-03-2024,1.66388E+11,30907255216,1.97295E+11,8930890916,8930890916,,1.88364E+11,1.13564E+11,1.584E+11,83934599720,15917795981,14622681049,55791386760,,"147,478,680,754",11416
115,GSP,VT,2007,84687795019,1411,11900,Deloitte,CNTP,29-02-2024,6.53888E+11,8.67638E+11,1.52153E+12,7.62492E+11,4.61174E+11,3.01318E+11,7.59033E+11,1.76517E+12,6.64013E+11,1.08E+11,2.55588E+11,2.26841E+11,47334141720,1503521826,"866,234,556,105",13603
116,GTA,SX,2002,10302456503,1048,14900,AFC,CNTP,20-02-2024,3.04562E+11,33496487684,3.38058E+11,1.75297E+11,1.75297E+11,,1.62761E+11,2.49214E+11,1.46467E+11,2.32101E+11,12685477666,8246078476,48365171587,,"283,176,867,227",16558
117,GVR,SX,1975,3372861662689,485,21200,CPA VIETNAM,CNTP,29-03-2024,2.38422E+13,5.42198E+13,7.80621E+13,2.30849E+13,9.65254E+12,1.34324E+13,5.49772E+13,2.21678E+13,8.48E+13,1.13554E+13,2.54602E+12,1.43144E+12,3.38814E+12,6.57484E+11,"85,815,815,663,330",13734
118,HAG,SX,1993,1781685785000,1794,13200,EY,CNTP,26-03-2024,8.76853E+12,1.21347E+13,2.09033E+13,1.42258E+13,9.7104E+12,4.51538E+12,6.67747E+12,6.49257E+12,1.22417E+13,,7.78021E+12,1.49243E+12,9.3106E+11,4.9519E+11,"20,068,847,885,600",7200
119,HAH,VT,2009,357825466214,3315,37600,A&C,CNTP,6/2/2024,1.60018E+12,3.75877E+12,5.35895E+12,2.1882E+12,9.37259E+11,1.25094E+12,3.17075E+12,2.61269E+12,3.96743E+12,72500000000,1.00517E+12,2.28003E+11,97130984832,1.13018E+11,"5,108,822,548,680",30050
120,HAP,SX,1960,18310845545,160,4850,BDO,CNTP,22-03-2024,7.77385E+11,4.97872E+11,1.27526E+12,71058599255,71043599255,15000000,1.2042E+12,2.99796E+11,5.3807E+11,15076041096,6.51614E+11,81145299739,86927265345,350000000,"541,756,322,823",10854
121,HAR,XD,2007,35939331273,376,4160,UHY,CNTP,28-03-2024,3.02212E+11,7.69377E+11,1.07159E+12,4715197280,4097597280,617600000,1.06687E+12,18271816853,3.98046E+11,,2.79154E+11,15898569500,,,"376,821,239,606",11150
122,HAS,XD,2000,317453125,41,6970,AASC,CNTP,27-03-2024,1.78118E+11,35827445758,2.13946E+11,74825466608,66724120208,8101346400,1.3912E+11,1.1562E+11,54366000000,21220947037,1.38153E+11,1.12578E+11,12805798586,,"68,461,235,981",17836
123,HAX,BL,1992,37056457843,375,13900,Vietvalues,CNTP,2/3/2024,1.07176E+12,9.34523E+11,2.00629E+12,8.42284E+11,8.39432E+11,2851834319,1.164E+12,3.98192E+12,1.29864E+12,,2.12818E+11,93792846281,7.02457E+11,4764438612,"1,829,339,628,760",12459
124,HBC,XD,1987,-1115337522268,-4052,7870,AASC,CNNT,29-03-2024,1.34493E+13,1.80058E+12,1.52499E+13,1.51565E+13,1.37033E+13,1.45321E+12,93380988230,7.54221E+12,2.15743E+12,15705823005,1.06698E+13,7.23269E+12,2.33355E+12,3.8119E+11,"6,398,108,054,556",341
125,HCD,SX,2011,51863319941,1403,7700,TTP,CNTP,27-03-2024,5.75516E+11,2.02951E+11,7.78467E+11,3.26812E+11,3.26812E+11,,4.51654E+11,9.13036E+11,2.84583E+11,58828200000,1.64042E+11,1.38244E+11,2.84504E+11,,"390,599,938,262",12220
126,HDC,XD,1990,131972098044,1079,32650,TTP,CNTP,29-03-2024,2.09384E+12,2.60503E+12,4.69888E+12,2.79086E+12,2.0611E+12,7.29763E+11,1.90801E+12,6.66012E+11,4.41117E+12,4590367332,9.31975E+11,6.66555E+11,1.13761E+12,5000000,"6,103,060,598,541",14122
127,HDG,XD,1990,866291361944,2175,27600,EY,CNTP,30-03-2024,3.35388E+12,1.10845E+13,1.44384E+13,7.2096E+12,2.32869E+12,4.88091E+12,7.22875E+12,2.88938E+12,8.43889E+12,3.92702E+11,1.59469E+12,1.31875E+12,1.08461E+12,2.86627E+11,"13,619,398,787,892",23642
128,HHP,SX,2012,24533438100,270,10400,NVT,CNTP,26-03-2024,5.48557E+11,1.52953E+12,2.07809E+12,1.31304E+12,9.19828E+11,3.9321E+11,7.65048E+11,1.10933E+12,6.45048E+11,1.19995E+11,2.36894E+11,1.27467E+11,1.70365E+11,13776769315,"1,053,164,992,404",12335
129,HHS,BB,2008,351850830642,1042,7200,AASC,CNTP,19-03-2024,1.03638E+12,3.63721E+12,4.67359E+12,1.7231E+11,1.71644E+11,666125596,4.50128E+12,3.66585E+11,2.49956E+12,5.38794E+11,59303254121,37357465986,2.61416E+11,,"2,404,701,268,088",12966
130,HHV,XD,1974,364457217861,1010,15450,AASCS,CNTP,20-03-2024,1.17597E+12,3.56042E+13,3.67802E+13,2.80473E+13,3.1439E+12,2.49034E+13,8.7329E+12,2.68554E+12,5.08846E+12,76965731271,6.90013E+11,3.99952E+11,77290414338,4.04738E+11,"26,348,595,420,507",16578
131,HID,TI,2001,49814471,,3060,,,,5.72165E+11,1.08612E+12,1.65828E+12,7.15693E+11,1.94767E+11,5.20926E+11,9.42591E+11,3.15269E+11,2.34874E+11,,5.46265E+11,2.02221E+11,8887330892,40367401000,"742,283,551,761",12280
132,HII,SX,2009,80110997529,941,5360,EY,CNTP,29-03-2024,1.33746E+12,5.5526E+11,1.89272E+12,9.29304E+11,9.29049E+11,255000000,9.63418E+11,7.88678E+12,3.94834E+11,1.56656E+11,6.93304E+11,4.47357E+11,1.91791E+11,1178061365,"791,992,725,411",13079
133,HMC,BB,1975,21149396027,775,10800,AASC,CNTP,26-02-2024,1.16697E+12,1.12915E+11,1.27988E+12,8.76195E+11,8.50728E+11,25466488190,4.03689E+11,3.12067E+12,2.9484E+11,4.273E+11,3.50685E+11,3.39541E+11,3.84507E+11,155800000,"805,597,013,597",14787
134,HNA,TI,2007,236522121928,1005,,AnViet,CNTP,8/3/2024,4.657E+11,3.01576E+12,3.48146E+12,2.54548E+11,1.63622E+11,90926023963,3.22691E+12,7.48753E+11,4.3518E+12,,3.50716E+11,3.45899E+11,20422590130,,"4,438,157,466,604",13718
135,HNG,SX,2010,-1098460718000,-991,4700,EY,CNTPGT,30-03-2024,2.65878E+12,1.1437E+13,1.40958E+13,1.18401E+13,9.60941E+12,2.23066E+12,2.25571E+12,6.05571E+11,5.2102E+12,,6.00574E+11,2.77049E+11,1.94208E+12,9.09875E+11,"13,367,963,298,500",2035
136,HPG,SX,1992,6800388315081,1117,27950,KPMG,CNTP,21-03-2024,8.27164E+13,1.05066E+14,1.87783E+14,8.49462E+13,7.15135E+13,1.34327E+13,1.02836E+14,1.20355E+14,1.62523E+14,2.21773E+13,1.07021E+13,5.99954E+12,3.46284E+13,1.88092E+12,"215,652,647,840,333",17685
137,HPX,XD,2003,134937784139,419,5460,CPA VIETNAM,CNTP,6/3/2024,6.45121E+12,1.84574E+12,8.29695E+12,4.70918E+12,3.88933E+12,8.19849E+11,3.58777E+12,1.68027E+12,1.66076E+12,6392979198,3.34189E+12,1.35785E+11,2.98034E+12,6.47811E+11,"4,101,343,159,889",11795
138,HQC,XD,2000,5158051909,11,4140,AFC,CNTP,29-03-2024,3.5846E+12,3.71484E+12,7.29944E+12,2.93495E+12,2.61861E+12,3.1634E+11,4.36449E+12,3.22609E+11,1.97312E+12,,2.9523E+12,1.4129E+12,5.90811E+11,1.34036E+12,"2,006,528,675,127",9158
139,HRC,SX,1981,16977860701,562,55000,AFC,CNTP,20-02-2024,66483579902,7.52447E+11,8.1893E+11,2.66786E+11,1.76453E+11,90332324582,5.52145E+11,1.83174E+11,1.66136E+12,,32516305008,31907555311,14284532775,,"1,880,526,897,689",18279
140,HSG,SX,2001,30062343902,47,22800,KPMG,CNTP,22-12-2023,1.12748E+13,6.09047E+12,1.73653E+13,6.58514E+12,6.56889E+12,16244922996,1.07802E+13,3.20843E+13,1.40444E+13,26175510851,2.32215E+12,1.85277E+12,7.74604E+12,1.43084E+11,"16,384,204,911,897",17501
141,HSL,SX,2015,12062419482,332,10100,NVT,CNTP,28-03-2024,2.66163E+11,2.13952E+11,4.80115E+11,40009261647,31767544937,8241716710,4.40106E+11,3.89734E+11,3.57373E+11,,1.84229E+11,1.07941E+11,15494457442,97575000000,"305,060,570,635",12438
142,HT1,SX,1964,17964892077,46,12000,Deloitte,CNTP,11/3/2024,1.96885E+12,6.6549E+12,8.62375E+12,3.79084E+12,3.77112E+12,19713982277,4.83291E+12,7.54157E+12,4.57908E+12,16189284652,4.3908E+11,2.78817E+11,8.83104E+11,21390221488,"5,549,469,018,655",12665
143,HTG,SX,1962,169873401958,4444,31050,KPMG,CNTP,6/3/2024,1.76138E+12,7.46345E+11,2.50772E+12,1.67091E+12,1.44146E+12,2.2945E+11,8.36806E+11,4.70397E+12,1.11788E+12,1.76607E+11,5.38886E+11,5.15334E+11,7.76024E+11,5698452545,"1,776,072,118,621",23243
144,HTI,XD,2000,57320795701,2298,16450,CPA VIETNAM,CNTP,11/3/2024,1.40319E+11,1.25232E+12,1.39264E+12,9.10222E+11,67534800214,8.42687E+11,4.82415E+11,4.40347E+11,4.10414E+11,80000000000,14858435038,14394237320,70140532,,"952,203,948,469",19336
145,HTL,BB,1998,38322582659,3194,12550,A&C,CNTP,25-03-2024,3.87891E+11,60303784338,4.48195E+11,1.89444E+11,1.87996E+11,1448109771,2.58751E+11,6.57525E+11,1.506E+11,20150000000,55961494393,53292720546,2.70946E+11,30000000,"143,732,068,249",21563
146,HTN,XD,2007,60300503603,653,16000,EY,CNTP,29-03-2024,7.04276E+12,5.79376E+11,7.62213E+12,6.10219E+12,5.9267E+12,1.75485E+11,1.51995E+12,2.68148E+12,1.42586E+12,19682449817,5.81562E+12,3.21905E+12,1.00992E+12,29670000000,"3,373,630,948,901",17056
147,HTV,VT,2000,8236450284,612,9790,RSM,CNTPGT,5/3/2024,3.65452E+11,42056108765,4.07508E+11,82322473466,82322473466,,3.25185E+11,2.99745E+11,1.28288E+11,1.99007E+11,1.58099E+11,1.56235E+11,1173219802,,"121,123,759,784",24816
148,HU1,XD,1990,6831,-4,7380,CPA VIETNAM,CNNT,30-03-2024,5.2106E+11,1.0956E+11,6.3062E+11,4.81316E+11,4.81316E+11,,1.49304E+11,1.83849E+11,73800000000,6230000000,3.76232E+11,1.31538E+11,1.07136E+11,,"176,706,239,658",14930
149,HUB,XD,1975,67238793294,2196,17000,Vietvalues,CNTP,20-03-2024,5.14461E+11,4.19796E+11,9.34257E+11,3.41063E+11,2.0098E+11,1.40084E+11,5.93194E+11,3.55315E+11,4.47073E+11,2.49675E+11,72351545449,96112733408,1.30121E+11,920750739,"440,516,865,893",22556
150,HVH,XD,2010,11092517656,269,5350,A&C,CNTP,25-03-2024,3.65632E+11,2.95526E+11,6.61159E+11,1.73163E+11,1.73163E+11,,4.87996E+11,2.50811E+11,2.1745E+11,,2.04352E+11,1.69512E+11,87461873840,,"179,633,563,943",12006
151,HVN,VT,1956,-5631748470691,-2678,12250,KPMG,CNTPGT,29-03-2024,1.48843E+13,4.28326E+13,5.77169E+13,7.47429E+13,6.11713E+13,1.35716E+13,-1.70E+13,9.22312E+13,2.71263E+13,9.20439E+11,6.12174E+12,4.47469E+12,3.65934E+12,1.63223E+12,"51,943,346,667,768",-7689
152,HVX,SX,1990,-64121424785,-1544,3020,AnViet,CNTPGT,12/3/2024,1.5504E+11,5.30962E+11,6.86002E+11,3.16427E+11,3.15859E+11,567782289,3.69576E+11,5.21853E+11,1.25406E+11,,30523664743,35641599128,1.06718E+11,620434385,"244,497,164,598",8900
153,ICT,CN,2001,14924023192,464,11300,VACO,CNNT,29-03-2024,1.20843E+12,2.32806E+11,1.44123E+12,7.98153E+11,7.95161E+11,2991776656,6.43079E+11,1.49587E+12,3.63691E+11,,1.03205E+12,9.69015E+11,62238738055,1370963477,"542,399,598,835",19981
154,IDI,SX,2003,73354175265,254,11700,AASCS,CNTP,28-03-2024,5.53729E+12,2.74016E+12,8.27745E+12,4.85589E+12,4.53016E+12,3.25734E+11,3.42156E+12,7.22415E+12,2.66344E+12,6.63676E+11,2.15131E+12,1.28557E+12,1.5721E+12,4.61443E+11,"5,967,259,606,457",14985
155,IJC,XD,2007,394852892967,1458,13950,A&C,CNTP,20-03-2024,3.74277E+12,2.66099E+12,6.40375E+12,2.58017E+12,2.31779E+12,2.62374E+11,3.82359E+12,1.5157E+12,3.51306E+12,14800000000,6.74264E+11,6.36959E+11,2.76549E+12,7.79534E+11,"4,220,121,593,116",15183
156,ILB,VT,2008,103880095902,3317,30000,PWC,CNTP,19-03-2024,3.33214E+11,1.25297E+12,1.58619E+12,1.03311E+12,4.29678E+11,6.0343E+11,5.53079E+11,5.31536E+11,7.35067E+11,,1.25781E+11,1.2713E+11,,2694900000,"808,576,776,083",22573
157,IMP,SX,1983,299556005542,3637,56600,PWC,CNTP,26-03-2024,1.20713E+12,1.18548E+12,2.39262E+12,3.08036E+11,3.08036E+11,,2.08458E+12,2.11387E+12,3.96226E+12,93000000000,2.96563E+11,2.56814E+11,7.02156E+11,2257399878,"3,905,512,693,222",29778
158,ITA,XD,1996,205637666055,215,6460,,,,4.91968E+12,7.16498E+12,1.20847E+13,1.78304E+12,1.24547E+12,5.37571E+11,1.03016E+13,5.7637E+11,6.06156E+12,7000000000,1.2728E+12,3.95968E+11,3.6466E+12,2.6705E+12,"6,054,962,804,646",10979
159,ITC,XD,2000,87961741896,813,10800,EY,CNTP,29-03-2024,2.21914E+12,1.93104E+12,4.15018E+12,1.84521E+12,1.46736E+12,3.77846E+11,2.30497E+12,5.31505E+11,1.0361E+12,,3.60366E+11,1.38233E+11,1.71377E+12,11893000000,"1,453,705,191,444",24026
160,ITD,CN,1994,-40935359805,-2420,9860,,,,4.19803E+11,1.51646E+11,5.71449E+11,2.11924E+11,2.01802E+11,10122151388,3.59525E+11,5.87788E+11,2.41189E+11,85565000000,1.68705E+11,2.35451E+11,56886444434,2783210589,"166,806,810,955",14698
161,JVC,BB,2001,52639842397,468,3380,AnViet,CNTP,28-03-2024,5.28425E+11,1.58251E+11,6.86677E+11,1.87331E+11,1.85096E+11,2235509520,4.99346E+11,5.76765E+11,3.80251E+11,1.1464E+11,2.03501E+11,4.6738E+11,75295749739,1592809000,"320,040,092,559",4439
162,KBC,XD,2002,2245003412330,2646,31750,EY,CNTP,25-03-2024,2.50294E+13,8.40478E+12,3.34342E+13,1.32133E+13,6.57878E+12,6.63457E+12,2.02209E+13,5.85877E+12,2.43715E+13,1.86423E+12,9.66255E+12,6.15243E+11,1.22188E+13,1.53218E+12,"27,189,841,382,522",26343
163,KDC,SX,1992,135183911458,554,63000,EY,CNTP,29-03-2024,6.96414E+12,5.42688E+12,1.2391E+13,5.27709E+12,4.21406E+12,1.06303E+12,7.11392E+12,8.90554E+12,1.68392E+13,6.18778E+11,2.95742E+12,3.78745E+11,1.07715E+12,21548541757,"16,994,563,500,706",26615
164,KDH,XD,2001,729500026000,840,31400,PWC,CNTP,15-03-2024,2.47369E+13,1.7438E+12,2.64807E+13,1.09578E+13,5.34553E+12,5.61228E+12,1.55229E+13,2.16631E+12,2.50984E+13,8524398000,1.83075E+12,72779241000,1.87869E+13,75923859000,"27,375,529,351,000",19420
165,KHG,XD,2009,25361139253,56,6270,AnViet,CNTPGT,29-03-2024,1.86033E+12,4.5304E+12,6.39073E+12,1.22553E+12,9.84926E+11,2.406E+11,5.16521E+12,4.0432E+11,2.81796E+12,20000000000,1.55274E+12,2.42599E+11,2.10628E+11,4.28831E+12,"3,733,447,935,558",11493
166,KHP,TI,1993,54816796367,931,9170,AFA,CNTP,13-03-2024,9.58971E+11,1.34044E+12,2.29941E+12,1.59953E+12,7.64971E+11,8.3456E+11,6.99877E+11,6.20532E+12,5.40168E+11,4.1E+11,4.5776E+11,4.38397E+11,51425422238,1358590256,"1,459,787,952,818",11881
167,KMR,SX,2001,9814902164,158,3530,SV,CNTP,19-03-2024,6.63047E+11,2.16358E+11,8.79404E+11,2.38362E+11,2.34276E+11,4085500000,6.41043E+11,4.93679E+11,2.00779E+11,,1.61983E+11,65009418699,4.57648E+11,,"351,657,688,947",11271
168,KOS,XD,2008,21137848119,97,39650,UHY,CNTP,29-03-2024,3.28534E+12,1.46765E+12,4.75298E+12,2.44662E+12,1.2594E+12,1.18722E+12,2.30636E+12,1.31582E+12,8.58348E+12,15258126938,7.64084E+11,2.04622E+11,2.47378E+12,40000000,"10,510,318,306,611",10654
169,KPF,DV,2009,1015479081,17,5370,TTP,CNNT,29-03-2024,3.22844E+11,4.83477E+11,8.0632E+11,13637687712,13637687712,,7.92683E+11,1000000000,3.26857E+11,,3.21128E+11,,,,"325,159,986,492",13023
170,KSB,KK,1993,73765686756,802,26750,EY,CNTP,29-03-2024,1.98491E+12,2.29173E+12,4.27664E+12,2.2789E+12,1.2679E+12,1.011E+12,1.99774E+12,5.28627E+11,2.04091E+12,,1.83936E+12,1.74319E+11,28547468767,1.0777E+12,"3,026,309,869,665",26184
171,L10,XD,1960,25908911978,2646,19900,UHY,CNTP,6/3/2024,1.08042E+12,1.86851E+11,1.26727E+12,9.98726E+11,5.81301E+11,4.17424E+11,2.68542E+11,1.04811E+12,1.94821E+11,50000000000,3.19903E+11,2.81509E+11,2.27686E+11,,"-171,356,755,233",27430
172,LAF,SX,1985,28617885348,1943,13100,EY,CNTP,15-03-2024,2.30003E+11,1.02133E+11,3.32136E+11,1.10388E+11,1.07749E+11,2638421529,2.21749E+11,4.3152E+11,1.92937E+11,202168,33497021553,31394207248,1.84547E+11,,"278,024,199,386",15056
173,LBM,SX,1994,125240866644,6254,48000,RSM,CNTP,25-03-2024,4.03101E+11,3.66775E+11,7.69876E+11,1.69308E+11,1.29322E+11,39986500000,6.00567E+11,9.01724E+11,9.6E+11,,2.15573E+11,76393558224,1.1529E+11,3085352449,"977,492,356,323",30028
174,LCG,XD,2001,101569790493,519,12000,EY,CNTP,26-03-2024,4.81962E+12,1.15952E+12,5.97914E+12,3.44093E+12,3.28766E+12,1.5327E+11,2.5382E+12,2.00795E+12,2.27569E+12,31180996609,2.53967E+12,1.80175E+12,1.49171E+12,53004177232,"2,215,443,131,777",13384
175,LDG,XD,2010,-527174206324,-2058,2990,AISC,CNTPGT,30-03-2024,4.86117E+12,2.40429E+12,7.26546E+12,4.55154E+12,3.25684E+12,1.2947E+12,2.71392E+12,48804563174,7.6606E+11,,3.70763E+12,7.76858E+11,9.8621E+11,1.16866E+12,"2,094,334,700,800",10593
176,LEC,XD,2007,-28300322868,-792,6340,,,,6.81763E+11,3.4721E+11,1.02897E+12,6.31164E+11,6.29861E+11,1303000000,3.97809E+11,1.04687E+11,1.65474E+11,,6.34802E+11,2.02136E+11,38523943174,17216835616,"563,805,844,137",15242
177,LGC,XD,1978,927228912533,3564,51200,iCPA,CNTP,6/3/2024,1.72796E+12,2.11857E+13,2.29137E+13,1.77298E+13,3.10126E+12,1.46286E+13,5.18386E+12,1.70263E+12,9.87416E+12,7595478187,9.92788E+11,45803648858,6149680853,1.21263E+12,"22,305,800,872,772",26880
178,LGL,XD,2001,16627329661,297,4100,A&C,CNNT,12/4/2024,1.11331E+12,2.3369E+11,1.347E+12,6.73065E+11,6.72734E+11,331489155,6.73932E+11,91321602864,2.11138E+11,1229800,7.44496E+11,3.23055E+11,3.5455E+11,22060590250,"441,304,191,466",13087
179,LHG,XD,2006,166186589658,2691,30300,AFC,CNTP,4/3/2024,2.15572E+12,8.99411E+11,3.05513E+12,1.4605E+12,8.63414E+11,5.97082E+11,1.59463E+12,3.94859E+11,1.51536E+12,9.46308E+11,3.08409E+11,14239582423,6.47089E+11,5227380000,"1,452,297,713,666",31885
180,LIX,SX,1972,190041104444,5268,51500,A&C,CNTP,19-02-2024,8.24478E+11,4.81558E+11,1.30604E+12,4.23701E+11,4.1566E+11,8040967559,8.82335E+11,2.89108E+12,1.6686E+12,,2.12286E+11,2.07122E+11,2.41124E+11,,"1,454,015,058,716",27233
181,LM8,XD,1977,11831140275,1008,14650,UHY,CNTP,4/3/2024,1.06192E+12,1.57712E+11,1.21963E+12,9.21834E+11,9.1469E+11,7143181630,2.97801E+11,1.32901E+12,1.37544E+11,93000000000,4.57187E+11,4.18169E+11,4.93205E+11,1523052350,"540,833,868,199",31719
182,LSS,SX,1980,,,11050,,,,,,,,,,,,,,,,,,,
183,MCP,SX,1959,17441963130,1159,37450,RSM,CNTP,28-03-2024,2.37819E+11,81265740316,3.19085E+11,70741259736,70741259736,,2.48343E+11,4.94021E+11,5.6372E+11,25000000000,89607219174,85874087881,1.09825E+11,5250000,"580,719,001,799",16498
184,MDG,KK,1986,-36489905426,-3545,14050,AASC,CNTP,27-03-2024,2.70896E+11,84080323296,3.54976E+11,2.28719E+11,2.28719E+11,,1.26257E+11,2.77003E+11,1.45063E+11,,2.21105E+11,1.02863E+11,29135498604,2750105389,"223,217,723,786",12229
185,MHC,VT,1998,25682577855,618,9400,AFC,CNTP,27-03-2024,5.71175E+11,1.49506E+11,7.20681E+11,1.78314E+11,25593088752,1.52721E+11,5.42367E+11,1.31567E+11,3.89224E+11,2.91865E+11,2.67073E+11,7580654592,236311818,3327674234,"530,562,960,783",13098
186,MSH,SX,1988,245245382501,3260,36300,Grant Thornton,CNTP,29-03-2024,2.55259E+12,9.00495E+11,3.45309E+12,1.64333E+12,1.33542E+12,3.07913E+11,1.80975E+12,4.54192E+12,2.72301E+12,9.70785E+11,5.9836E+11,5.8904E+11,5.17855E+11,21374768500,"3,102,386,719,682",24126
187,MSN,SX,2004,1869927000000,294,67000,KPMG,CNTP,1/3/2024,4.37635E+13,1.0362E+14,1.47383E+14,1.09146E+14,5.04225E+13,5.87237E+13,3.82372E+13,7.8517E+13,9.58665E+13,6.79479E+12,1.1985E+13,2.30981E+12,1.34966E+13,1.1211E+13,"154,362,565,210,000",26724
188,MWG,BL,2004,167829154939,115,42800,EY,CNTP,19-03-2024,5.19503E+13,8.1609E+12,6.01112E+13,3.67517E+13,3.07653E+13,5.98642E+12,2.33596E+13,1.19234E+14,6.25907E+13,1.8937E+13,5.15885E+12,3.08474E+11,2.20287E+13,4.5757E+11,"82,394,859,124,609",15973
189,NAF,SX,1995,109929280569,2170,15400,Grant Thornton,CNTP,30-03-2024,1.01664E+12,1.02659E+12,2.04324E+12,1.05527E+12,9.64514E+11,90758888259,9.87962E+11,1.75455E+12,7.78687E+11,1.1991E+11,4.97579E+11,3.48369E+11,2.73525E+11,1.05551E+11,"1,525,541,920,327",17095
190,NAV,SX,1963,21106729427,2457,19000,AFC,CNTPGT,26-02-2024,97860761901,22811329992,1.20672E+11,5380203599,2549873599,2830330000,1.15292E+11,1.29325E+11,1.52E+11,46100000000,33535905218,23455014037,12174584581,,"139,798,476,397",14412
191,NBB,XD,2004,1085764774,18,21550,iCPA,CNTP,25-03-2024,2.68082E+12,4.22931E+12,6.91013E+12,5.08948E+12,2.24473E+12,2.84475E+12,1.82065E+12,2.93036E+11,2.15844E+12,,1.03492E+12,3.60409E+11,1.57846E+12,2.03207E+12,"5,783,047,558,878",18178
192,NCT,VT,2005,216796101316,7877,88200,UHY,CNTP,28-02-2024,3.87998E+11,1.6665E+11,5.54648E+11,1.21246E+11,1.10036E+11,11209879500,4.33402E+11,7.01789E+11,2.30782E+12,2.6029E+11,66350582128,63334528363,2700210019,918435000,"2,261,018,270,795",16564
193,NHA,XD,2004,5893045623,140,17050,UHY,CNTP,26-03-2024,1.79358E+11,5.05326E+11,6.84684E+11,2.51675E+11,1.92681E+11,58993806124,4.33009E+11,73133546015,7.19076E+11,,50135527843,49550053250,94278556158,,"837,591,530,315",10267
194,NHH,SX,1972,96243253037,1305,18400,EY,CNTP,29-03-2024,8.3375E+11,1.24288E+12,2.07663E+12,7.03412E+11,6.66287E+11,37125318428,1.37322E+12,2.04096E+12,1.34099E+12,2.00192E+11,2.9494E+11,2.25699E+11,2.33247E+11,5357993671,"1,758,427,635,002",18842
195,NHT,SX,1990,-20399584508,22,11650,VACO,CNTP,25-03-2024,1.74237E+11,4.24977E+11,5.99214E+11,2.1961E+11,1.72221E+11,47389633855,3.79603E+11,3.13281E+11,2.79643E+11,9324463567,44330877956,38316057575,1.00985E+11,40000000,"407,198,004,017",15814
196,NKG,SX,2002,117408565158,446,24650,PWC,CNTP,20-03-2024,9.32264E+12,2.91276E+12,1.22354E+13,6.81233E+12,6.78401E+12,28312735690,5.42307E+12,1.86212E+13,6.4898E+12,2.89614E+11,1.92674E+12,1.74102E+12,5.84903E+12,5500000,"10,471,985,611,599",20598
197,NLG,XD,1992,800477434350,1187,36650,EY,CNTP,15-03-2024,2.53133E+13,3.29788E+12,2.86112E+13,1.50785E+13,9.88645E+12,5.19202E+12,1.35328E+13,3.18142E+12,1.41021E+13,1.05012E+12,3.63717E+12,1.52641E+12,1.74208E+13,13300991868,"17,602,116,147,448",35170
198,NNC,KK,1975,37271844865,1564,19200,AASCS,CNTPGT,4/3/2024,2.29379E+11,2.02055E+11,4.31434E+11,57069357044,53166275251,3903081793,3.74365E+11,1.75941E+11,4.20864E+11,1.05005E+11,23062192315,13617612288,47925456014,3728110856,"389,904,705,241",17079
199,NO1,BB,2011,16909914689,705,11400,TTP,CNTP,15-03-2024,3.20557E+11,1.17911E+11,4.38467E+11,1.29913E+11,1.2303E+11,6882834499,3.08554E+11,6.11497E+11,2.736E+11,96657039267,49242214937,26979482619,1.2742E+11,976696900,"290,288,483,902",12856
200,NSC,SX,1968,230128510222,12657,68100,EY,CNTP,29-03-2024,1.36602E+12,8.55149E+11,2.22116E+12,7.7503E+11,7.42914E+11,32115702452,1.44614E+12,2.20648E+12,1.19682E+12,60000000000,3.78523E+11,2.21735E+11,4.45995E+11,,"1,034,152,905,079",82286
201,NT2,TI,2007,473076742026,1546,24500,Deloitte,CNTP,6/3/2024,4.77023E+12,3.68092E+12,8.45115E+12,4.1153E+12,4.1153E+12,,4.33585E+12,6.38588E+12,7.05296E+12,2.10039E+12,2.32565E+12,2.25358E+12,2.60357E+11,,"8,251,809,841,538",15062
202,NTL,XD,2004,364190288722,5553,27300,A&C,CNTP,20-03-2024,1.96265E+12,72682269197,2.03533E+12,5.73154E+11,5.62294E+11,10860233000,1.46218E+12,9.14024E+11,1.66503E+12,3E+11,1.72165E+11,1187112930,1.01007E+12,5000000,"1,335,406,295,286",23974
203,NVL,XD,1992,485864524898,311,17050,PWC,CNTP,31-03-2024,1.91155E+14,5.03316E+13,2.41486E+14,1.96184E+14,8.72827E+13,1.08901E+14,4.53029E+13,4.76995E+12,3.32493E+13,43507843256,4.7011E+13,2.83744E+12,1.39096E+14,3.45601E+13,"87,213,599,726,502",23231
204,NVT,DV,2006,35833221189,62,7880,Grant Thornton,CNTP,29-03-2024,1.40544E+11,9.38091E+11,1.07863E+12,5.40309E+11,1.3445E+11,4.05859E+11,5.38325E+11,3.7706E+11,7.1314E+11,1304900000,82477258453,9310889446,14447787061,10229976000,"958,446,480,995",5948
205,OGC,DV,2007,141260936288,287,7050,AASCN,CNTPGT,30-03-2024,6.1449E+11,4.15334E+12,4.76783E+12,3.21074E+12,7.12586E+11,2.49815E+12,1.5571E+12,9.99175E+11,2.115E+12,50611780230,99384724280,20875916647,3.41027E+11,6.48752E+11,"3,589,667,875,136",5190
206,OPC,SX,1997,122318809292,1634,24000,EY,CNTP,21-03-2024,9.27671E+11,3.33151E+11,1.26082E+12,3.76657E+11,3.71747E+11,4910708949,8.84164E+11,1.00896E+12,1.53722E+12,26838731723,2.35448E+11,2.51409E+11,3.75042E+11,3788660200,"1,242,956,155,622",13804
207,PAC,SX,1976,115202344188,2231,24250,KPMG,CNTP,1/3/2024,1.72619E+12,7.07319E+11,2.43351E+12,1.48904E+12,1.46742E+12,21614229301,9.44468E+11,3.59341E+12,1.12694E+12,5.0587E+11,2.98208E+11,2.26236E+11,6.46962E+11,5332346253,"2,056,441,519,230",20324
208,PAN,SX,1998,817117336270,1943,20200,EY,CNTP,29-03-2024,1.42808E+13,5.90736E+12,2.01881E+13,1.18447E+13,1.08657E+13,9.79016E+11,8.34345E+12,1.37166E+13,4.21967E+12,7.29128E+12,2.33244E+12,1.44911E+12,3.15727E+12,4237665454,"11,799,276,271,956",39941
209,PC1,XD,1963,303032989501,405,28800,KPMG,CNTP,29-03-2024,6.8684E+12,1.33664E+13,2.02348E+13,1.29644E+13,4.71462E+12,8.24978E+12,7.2704E+12,7.77524E+12,8.95667E+12,7.80833E+11,2.82123E+12,1.92817E+12,9.44433E+11,14779136760,"17,615,007,843,218",23378
210,PDN,VT,1989,294575464772,7337,94000,RSM,CNTP,1/3/2024,6.27952E+11,7.31354E+11,1.35931E+12,3.58844E+11,2.70613E+11,88230923575,1.00046E+12,1.16724E+12,3.48213E+12,2.9E+11,1.50581E+11,1.44909E+11,810820692,,"3,435,156,244,166",27007
211,PDR,XD,2004,682501990821,1003,27850,EY,CNTP,1/3/2024,1.69164E+13,4.15145E+12,2.10678E+13,1.14884E+13,9.17699E+12,2.31144E+12,9.57939E+12,6.17515E+11,2.05759E+13,15370299200,4.1148E+12,2.3115E+12,1.21996E+13,7.33227E+11,"21,305,462,483,872",12966
212,PET,BB,1996,138997251319,1013,27600,PWC,CNTP,29-03-2024,8.25919E+12,1.22028E+12,9.47948E+12,7.29322E+12,7.24074E+12,52479030083,2.18626E+12,1.74828E+13,2.94553E+12,2.59696E+12,2.36901E+12,2.39325E+12,1.91543E+12,28235218879,"6,400,016,094,299",20486
213,PGC,TI,2003,101908850555,1235,14750,KPMG,CNTP,29-03-2024,1.89554E+12,6.40382E+11,2.53592E+12,1.66695E+12,1.60129E+12,65667813018,8.68965E+11,3.62366E+12,8.90004E+11,1.20486E+12,4.15106E+11,3.69322E+11,1.75752E+11,181468408,"1,983,919,818,051",14401
214,PGD,TI,2002,265787886267,2555,38000,PWC,CNTP,26-02-2024,2.95515E+12,4.07782E+11,3.36293E+12,1.96141E+12,1.96132E+12,88000000,1.40152E+12,9.89069E+12,3.7619E+12,4.87499E+11,1.22851E+12,7.02838E+11,46714496401,3051853125,"2,626,746,746,040",14157
215,PGV,TI,2012,1083723307336,948,23200,Deloitte,CNTPGT,30-03-2024,1.69769E+13,4.18642E+13,5.88411E+13,4.307E+13,1.14799E+13,3.15901E+13,1.57711E+13,4.58622E+13,2.60645E+13,2.935E+12,9.97674E+12,9.11794E+12,3.09552E+12,3575246000,"61,564,565,525,690",14038
216,PHC,XD,2001,8413310629,177,6940,CPA VIETNAM,CNTP,19-03-2024,2.46835E+12,7.03723E+11,3.17207E+12,2.50253E+12,2.3605E+12,1.42029E+11,6.6954E+11,1.81061E+12,3.51733E+11,51949307274,1.60557E+12,1.23655E+12,6.40656E+11,560700000,"1,616,108,471,725",13211
217,PHR,SX,1982,661288002217,4309,49700,AASC,CNTP,6/3/2024,2.76156E+12,3.39897E+12,6.16053E+12,2.34629E+12,8.82868E+11,1.46343E+12,3.81424E+12,1.35361E+12,6.73431E+12,1.99749E+12,1.93008E+11,57745125359,3.2581E+11,215334517,"6,907,032,436,312",28149
218,PIT,BB,1999,-8951107257,-630,5800,CPA VIETNAM,CNTP,12/3/2024,2.17163E+11,68765753722,2.85929E+11,1.76549E+11,1.73922E+11,2626207666,1.0938E+11,7.0913E+11,82419305000,4029922558,53882517071,75626071353,1.03147E+11,605000000,"235,199,617,968",7697
219,PJT,VT,1999,18502630760,726,10500,AASCN,CNTP,29-02-2024,1.11352E+11,3.18279E+11,4.29631E+11,1.30702E+11,82864741420,47836943000,2.98929E+11,7.0691E+11,2.41928E+11,,19642561210,17767677074,48688584644,30650000,"285,490,489,274",12974
220,PLP,SX,2008,11079179871,158,4220,AFC,CNTP,29-03-2024,1.25781E+12,4.85592E+11,1.7434E+12,9.51912E+11,9.37988E+11,13924050941,7.91488E+11,1.80634E+12,2.95399E+11,47150000000,8.93488E+11,5.32176E+11,2.8822E+11,2752044340,"954,300,911,910",11307
221,PLX,BB,1956,3077319943400,1706,34500,KPMG,CNTP,29-03-2024,5.73069E+13,2.23687E+13,7.96756E+13,5.04735E+13,4.96606E+13,8.129E+11,2.92021E+13,2.74082E+14,4.38354E+13,1.64956E+13,1.09753E+13,1.00218E+13,1.46775E+13,28936190703,"49,569,325,290,853",22983
222,PMG,BB,2007,-24039200103,52,8300,AAC,CNTP,29-03-2024,7.50064E+11,1.02776E+12,1.77782E+12,1.14049E+12,1.05527E+12,85223990126,6.37329E+11,1.87672E+12,3.84591E+11,2.81001E+11,3.19867E+11,3.06811E+11,32900966655,23012083208,"840,966,435,593",13754
223,PNC,BL,1982,16779900393,1554,9000,A&C,CNTPGT,28-03-2024,4.94537E+11,33184461260,5.27722E+11,3.45478E+11,3.44716E+11,762231500,1.82244E+11,6.60739E+11,97194159000,45900000000,54564958410,35149192885,2.83192E+11,11415025434,"-45,007,723,250",16875
224,PNJ,BL,1988,1971099177135,5436,86000,KPMG,CNTP,26-03-2024,1.29581E+13,1.46944E+12,1.44276E+13,4.62138E+12,4.61196E+12,9420742000,9.80618E+12,3.34816E+13,2.8208E+13,8.101E+11,2.15036E+11,69277567110,1.09447E+13,1.04636E+11,"29,696,376,665,357",29897
225,POW,TI,2007,1282942141418,443,11250,Deloitte,CNTP,26-03-2024,2.9042E+13,4.13201E+13,7.03621E+13,3.62427E+13,2.67852E+13,9.4575E+12,3.41194E+13,2.83294E+13,2.63461E+13,2.39086E+12,1.45605E+13,1.27105E+13,2.1674E+12,442027000,"30,585,227,175,983",14569
226,PPC,TI,1982,380102277161,1186,14750,Deloitte,CNTPGT,30-03-2024,2.92924E+12,2.84868E+12,5.77792E+12,7.671E+11,7.671E+11,,5.01082E+12,5.81376E+12,4.72904E+12,1E+11,1.97802E+12,1.86553E+12,7.78129E+11,,"4,705,556,618,482",15629
227,PSH,BB,2012,47353873501,403,10300,TTP,CNNT,29-03-2024,6.12767E+12,4.86435E+12,1.0992E+13,9.40055E+12,6.70364E+12,2.69691E+12,1.59147E+12,6.1248E+12,1.29955E+12,10000000,1.4461E+12,1.07366E+12,4.6545E+12,12932802186,"7,358,285,739,134",12614
228,PTB,SX,2004,259467307655,3808,59000,AASC,CNTPGT,2/4/2024,2.94114E+12,2.32264E+12,5.26378E+12,2.48706E+12,2.35243E+12,1.3463E+11,2.77672E+12,5.61881E+12,3.94937E+12,19642998519,8.81107E+11,8.01306E+11,1.47157E+12,26986388966,"5,254,936,513,083",41482
229,PTC,XD,1976,14021129703,311,6020,A&C,CNTP,25-03-2024,1.73302E+11,9.82906E+11,1.15621E+12,6.3431E+11,1.92136E+11,4.42174E+11,5.21898E+11,1.07718E+11,1.93794E+11,81500476267,54009908344,39351404533,,58938000,"641,823,552,944",16212
230,PTL,XD,2006,2385512377,25,4030,VACO,CNTP,15-03-2024,4.03551E+11,2.41315E+11,6.44867E+11,1.58143E+11,1.40282E+11,17861604410,4.86723E+11,20096294018,3.98426E+11,20500000000,2.55419E+11,40151530360,82281264417,82594895910,"379,477,799,979",4923
231,PVD,KK,2001,545942180784,810,28300,Deloitte,CNTPGT,29-03-2024,6.92788E+12,1.4705E+13,2.16328E+13,6.73469E+12,3.14614E+12,3.58855E+12,1.48982E+13,5.80441E+12,1.57314E+13,1.27822E+12,2.31396E+12,1.71932E+12,1.13748E+12,1.03903E+11,"16,816,558,180,820",26801
232,PVP,VT,2008,188077615457,1875,13950,Deloitte,CNTP,29-02-2024,1.22803E+12,1.48611E+12,2.71414E+12,9.82495E+11,4.53095E+11,5.294E+11,1.73165E+12,1.66118E+12,1.31514E+12,8.75099E+11,2.2524E+11,1.85783E+11,13662305251,710102000,"1,802,731,831,977",18368
233,PVT,VT,2002,1221500695571,2829,26400,Deloitte,CNTP,29-02-2024,6.29747E+12,1.11925E+13,1.749E+13,8.45956E+12,3.39221E+12,5.06735E+12,9.03039E+12,9.55598E+12,8.54439E+12,3.48647E+12,1.19444E+12,9.44337E+11,2.32665E+11,1.61541E+11,"13,493,370,886,293",27902
234,QCG,XD,1994,3187818561,27,10050,DFK,CNTP,29-03-2024,7.53077E+12,2.03637E+12,9.56714E+12,5.22533E+12,4.95657E+12,2.6876E+11,4.34181E+12,4.32488E+11,2.76505E+12,,4.41601E+11,2.84787E+11,7.03619E+12,1.41715E+11,"3,318,497,056,478",15781
235,QNP,VT,1976,115162604705,2850,,UHY,CNTP,26-02-2024,6.02414E+11,6.64727E+11,1.26714E+12,4.37183E+11,2.21959E+11,2.15225E+11,8.29958E+11,9.42356E+11,,1.385E+11,1.61518E+11,1.5123E+11,21049291353,7348273000,"-22,338,538,118",20538
236,RAL,SX,1961,584271608477,25124,108100,AASC,CNTP,29-03-2024,7.3109E+12,4.40788E+11,7.75169E+12,4.77742E+12,4.77658E+12,837486394,2.97427E+12,8.33027E+12,2.54548E+12,,5.22048E+12,5.04951E+12,1.26725E+12,1337344600,"4,795,584,878,507",126310
237,RDP,SX,1960,-146700946041,-2905,9300,AASCN,CNTPGT,29-03-2024,1.47554E+12,6.68746E+11,2.14428E+12,1.80043E+12,1.59738E+12,2.03048E+11,3.43857E+11,2.60811E+12,4.56349E+11,65313510795,5.0796E+11,3.76212E+11,8.75308E+11,6546795706,"1,782,986,284,334",7008
238,REE,XD,1977,2786658064221,5354,56800,EY,CNTP,8/3/2024,9.52418E+12,2.53881E+13,3.49123E+13,1.41422E+13,3.94455E+12,1.01976E+13,2.07701E+13,8.57935E+12,2.32145E+13,1.13237E+12,3.78007E+12,3.38381E+12,1.40875E+12,17286556315,"30,934,918,497,031",50819
239,S4A,TI,2008,137405291118,3256,33600,AFA,CNTP,26-02-2024,1.95334E+11,8.05128E+11,1.00046E+12,4.10016E+11,1.91555E+11,2.18461E+11,5.90445E+11,2.86397E+11,1.41792E+12,29205032329,64149357446,62993329484,3158721486,,"1,611,964,361,643",13992
240,SAB,SX,1977,4255052995709,3132,63000,KPMG,CNTP,28-03-2024,2.65534E+13,7.50322E+12,3.40566E+13,8.57147E+12,8.22461E+12,3.46858E+11,2.54852E+13,3.07068E+13,8.08014E+13,1.77411E+13,1.2294E+12,4.67367E+11,2.39308E+12,34701581051,"76,462,479,215,738",19871
241,SAM,SX,1986,33239920007,48,6560,AASC,CNTP,25-03-2024,2.28369E+12,4.3082E+12,6.59189E+12,1.98582E+12,1.72305E+12,2.62774E+11,4.60607E+12,2.20449E+12,2.49254E+12,39521318147,1.22397E+12,3.86157E+11,4.97476E+11,30186243394,"3,171,097,983,010",12122
242,SAV,SX,1985,-10183981994,-533,14700,AASCS,CNTP,12/3/2024,3.44948E+11,2.70065E+11,6.15013E+11,2.81266E+11,2.75341E+11,5924171460,3.33747E+11,7.97652E+11,3.16941E+11,,76227673859,74415358083,94448977369,456000000,"384,656,269,120",15480
243,SBA,TI,2007,175330608797,2899,25900,AAC,CNTP,24-02-2024,1.96829E+11,1.03623E+12,1.23306E+12,2.26172E+11,1.33024E+11,93148548154,1.00688E+12,3.75995E+11,1.56665E+12,,1.76458E+11,1.71732E+11,1756007407,2024000000,"1,716,239,651,127",16646
244,SBG,SX,2015,32543924290,1291,15700,NVT,CNTP,25-03-2024,9.35976E+11,2.61315E+11,1.19729E+12,7.66431E+11,7.04316E+11,62115796532,4.3086E+11,3.66217E+12,3.925E+11,,6.16563E+11,4.6751E+11,2.43919E+11,735494795,"478,607,478,874",17234
245,SBT,SX,1995,,,13200,,,,,,,,,,,,,,,,,,,
246,SBV,SX,1995,6752422852,79,9900,Grant Thornton,CNTP,30-03-2024,5.28748E+11,2.97603E+11,8.26351E+11,3.25802E+11,3.11177E+11,14625173650,5.00549E+11,4.45062E+11,2.70507E+11,3155375000,2.12165E+11,2.04245E+11,2.07185E+11,2232021727,"453,563,814,842",18319
247,SC5,XD,2003,36408141903,2187,19000,DFK,CNTP,8/3/2024,2.45804E+12,81953327393,2.54E+12,2.18481E+12,2.15197E+12,32845704057,3.55183E+11,2.60771E+12,2.84686E+11,32689606286,8.85126E+11,5.46944E+11,8.49807E+11,,"422,212,302,996",23705
248,SCR,XD,2004,15422380326,22,7400,EY,CNTP,30-03-2024,7.53157E+12,3.09961E+12,1.06312E+13,5.50603E+12,3.71211E+12,1.79392E+12,5.12515E+12,3.71275E+11,2.9279E+12,18115148432,3.56928E+12,4.41396E+11,3.66472E+12,9.02601E+11,"5,806,831,236,544",12953
249,SCS,VT,2008,498307307104,4638,71900,A&C,CNTP,6/3/2024,1.16252E+12,5.40479E+11,1.703E+12,3.64214E+11,3.58404E+11,5809494813,1.33879E+12,7.04825E+11,6.78586E+12,8.99E+11,96198896360,61055074935,,23000000,"6,586,933,534,143",13423
250,SFC,BL,2000,28308717994,2226,23700,EY,CNTP,30-11-2023,1.71497E+11,1.20765E+11,2.92262E+11,1.06623E+11,1.02598E+11,4024504100,1.85639E+11,1.63044E+12,2.66265E+11,,8721036662,8117710377,19351699569,5000000,"161,655,200,459",16524
251,SFG,SX,1976,56820856420,1186,8220,AASC,CNTP,5/3/2024,1.00014E+12,2.43809E+11,1.24395E+12,5.90406E+11,5.90138E+11,268237926,6.53541E+11,1.5601E+12,3.93716E+11,5.063E+11,1.4877E+11,1.50098E+11,2.61109E+11,174741000,"814,049,523,728",13645
252,SFI,VT,1992,103120257241,4341,31650,AASC,CNTP,29-02-2024,5.76695E+11,3.14173E+11,8.90867E+11,1.56188E+11,1.56097E+11,91160000,7.3468E+11,1.01753E+12,6.99023E+11,1.14049E+11,1.46186E+11,1.24E+11,46919481751,250473600,"422,101,595,279",33264
253,SGN,VT,2004,241138310966,6377,72500,Deloitte,CNTP,14-03-2024,1.05752E+12,2.31673E+11,1.28919E+12,2.76873E+11,2.57977E+11,18895880323,1.01232E+12,1.45565E+12,2.43119E+12,4.12E+11,3.03729E+11,3.47171E+11,10484335395,359295300,"2,108,872,752,546",30188
254,SGR,XD,1983,103074050589,1700,19550,AISC,CNTP,21-03-2024,1.52481E+12,5.23037E+11,2.04785E+12,1.12957E+12,8.25616E+11,3.03954E+11,9.18276E+11,99164951899,1.173E+12,7152950000,9.3482E+11,1.41728E+11,5.32649E+11,1.91777E+11,"1,475,373,813,670",15302
255,SGT,CN,2002,42810046248,289,11300,AISC,CNTP,28-03-2024,5.06142E+12,2.08626E+12,7.14768E+12,5.18376E+12,2.39653E+12,2.78724E+12,1.96392E+12,1.30976E+12,1.67244E+12,90180301371,2.1226E+12,6.28613E+11,2.71259E+12,28574918860,"4,947,605,210,773",13269
256,SHA,SX,2004,12386563662,370,4650,UHY,CNTP,25-03-2024,8.13303E+11,1.98926E+11,1.01223E+12,5.99158E+11,5.97993E+11,1165527638,4.1307E+11,1.15623E+12,1.55527E+11,19200000000,3.01788E+11,2.74217E+11,4.36421E+11,630743934,"666,556,353,770",12350
257,SHI,SX,1998,59089568364,102,13600,A&C,CNTP,28-03-2024,5.6106E+12,1.97119E+12,7.58179E+12,5.57437E+12,4.86376E+12,7.10604E+11,2.00742E+12,9.78065E+12,2.20126E+12,3.49579E+11,3.89231E+12,3.01781E+12,1.2188E+12,3205070795,"5,897,368,330,819",12402
258,SHP,TI,2004,275280935039,2629,31150,Deloitte,CNTP,5/3/2024,3.07529E+11,1.23827E+12,1.5458E+12,1.89465E+11,1.60465E+11,29000000000,1.35634E+12,6.61183E+11,3.15258E+12,,2.4236E+11,2.39588E+11,6112196509,5000000,"3,212,710,910,770",13402
259,SIP,TI,2007,1003655108735,4574,63600,EY,CNTP,30-03-2024,8.70725E+12,1.23532E+13,2.10604E+13,1.70324E+13,3.061E+12,1.39714E+13,4.02805E+12,6.67946E+12,1.1563E+13,3.13864E+12,3.50037E+12,3.75129E+11,4.70958E+11,8.00393E+11,"12,419,554,669,398",22156
260,SJD,TI,1998,130170124400,1882,15000,VACO,CNTP,26-03-2024,9.76765E+11,3.71731E+11,1.3485E+12,3.31964E+11,1.28292E+11,2.03671E+11,1.01653E+12,4.3081E+11,1.03498E+12,15000000000,7.87989E+11,7.65153E+11,2096802582,,"1,079,443,546,392",14732
261,SJF,SX,2012,-326822238332,-4064,1790,UHY,CNNT,10/4/2024,5.49425E+11,1.94351E+11,7.43776E+11,2.49167E+11,2.32956E+11,16210532595,4.9461E+11,1.10008E+11,1.41768E+11,,5.45688E+11,73612125706,31568190160,36537600,"296,996,028,232",6245
262,SJS,XD,2001,183765581553,1627,69400,EY,CNTP,13-03-2024,4.7496E+12,2.72438E+12,7.47398E+12,4.71239E+12,3.05776E+12,1.65463E+12,2.76159E+12,4.16024E+11,7.90449E+12,24469112005,4.5396E+11,1.69522E+11,4.18716E+12,1.17053E+11,"9,291,787,691,488",24246
263,SKG,VT,2007,69710778745,1101,14800,AASC,CNTP,25-03-2024,5.49294E+11,3.48105E+11,8.974E+11,15372732529,15312732529,60000000,8.82027E+11,4.09409E+11,9.3731E+11,1.99103E+11,2.99748E+11,52365802919,29326994357,805000000,"922,585,274,985",13927
264,SMA,BB,1974,11956940403,587,8800,AASC,CNTP,5/3/2024,1.07914E+11,3.48084E+11,4.55999E+11,2.20855E+11,36765290434,1.8409E+11,2.35143E+11,76328280982,1.79105E+11,,86353849778,8005064033,1469613150,,"370,958,971,934",11553
265,SMB,SX,2008,154277169252,4362,37000,KPMG,CNTP,26-02-2024,6.38196E+11,3.78371E+11,1.01657E+12,4.18188E+11,4.00973E+11,17215662672,5.98378E+11,1.31994E+12,1.10433E+12,2.23614E+11,56955209577,47713620480,2.13591E+11,,"1,094,023,492,410",20048
266,SMC,BB,1988,-925299043177,-12027,10250,AISC,CNTP,25-03-2024,3.98187E+12,2.19682E+12,6.17869E+12,5.38092E+12,5.00701E+12,3.73916E+11,7.9777E+11,1.37036E+13,7.5447E+11,4.88551E+11,1.64771E+12,1.99924E+12,8.54805E+11,35615308034,"3,096,941,697,063",10838
267,SPM,SX,1988,12116744013,880,12500,A&C,CNTP,28-03-2024,8.71635E+11,1.54739E+11,1.02637E+12,2.20353E+11,2.02353E+11,18000000000,8.06021E+11,4.61032E+11,1.72125E+11,2000000000,8.23321E+11,7.9395E+11,47029604495,,"333,194,042,196",58535
268,SRC,SX,1956,29400635701,1048,30000,Deloitte,CNTP,28-02-2024,6.31103E+11,7.15737E+11,1.34684E+12,9.0349E+11,6.21088E+11,2.82402E+11,4.4335E+11,1.23449E+12,8.41901E+11,,3.66122E+11,3.67869E+11,2.30978E+11,6514752134,"1,279,904,294,831",15798
269,SRF,XD,1977,2440179501,53,8300,,,,1.36733E+12,3.71778E+11,1.73911E+12,1.30768E+12,1.2541E+12,53579015673,4.31429E+11,1.62617E+12,2.8043E+11,48989618164,7.71449E+11,7.78614E+11,2.48813E+11,3412184419,"551,851,476,965",12769
270,SSC,SX,1976,54706352618,3792,30000,EY,CNTP,12/3/2024,3.30171E+11,2.15895E+11,5.46067E+11,1.56869E+11,1.56869E+11,,3.89198E+11,3.16706E+11,3.98154E+11,,2.13387E+11,29508873482,73616549372,,"350,938,361,319",29325
271,ST8,BB,1994,3869582340,144,18300,VACO,CNTP,26-02-2024,2.75599E+11,1281873940,2.7688E+11,4570072506,4570072506,,2.7231E+11,13208736327,4.70693E+11,,2.33627E+11,101319099,,145987470,"431,238,626,304",10587
272,STG,VT,1975,150680475252,1448,48900,EY,CNTP,29-03-2024,1.17126E+12,1.69742E+12,2.86868E+12,6.14033E+11,4.80993E+11,1.33041E+11,2.25465E+12,1.79564E+12,4.80459E+12,67891159093,4.26461E+11,3.33829E+11,57962582677,4425241398,"4,321,901,195,291",22947
273,STK,SX,2000,87799332687,933,25950,EY,CNTP,8/3/2024,1.39594E+12,1.57792E+12,2.97386E+12,1.34497E+12,9.35575E+11,4.09395E+11,1.62889E+12,1.42562E+12,2.44177E+12,54050637373,4.50139E+11,91305667931,6.21333E+11,,"3,350,976,168,262",17311
274,SVC,BL,1982,44431941553,430,29450,BDO,CNTPGT,6/3/2024,3.9685E+12,3.20537E+12,7.17386E+12,4.73393E+12,2.87858E+12,1.85535E+12,2.43993E+12,2.08522E+13,1.96196E+12,1.41865E+11,2.02612E+12,7.69429E+11,1.27778E+12,4.44115E+11,"4,224,728,911,408",36625
275,SVD,SX,2013,-36532871553,-1323,2400,TTP,CNTP,26-03-2024,1.98672E+11,1.99852E+11,3.98524E+11,1.5239E+11,1.07127E+11,45262781319,2.46134E+11,2.58765E+11,66254179200,,61031036429,60512321187,70351591928,,"122,027,317,131",8916
276,SVI,SX,1968,132420835782,10319,57000,KPMG,CNTP,28-03-2024,9.43124E+11,2.8122E+11,1.22434E+12,3.94594E+11,3.88914E+11,5680655507,8.2975E+11,1.50752E+12,7.31449E+11,4.1099E+11,3.21181E+11,3.11268E+11,1.57373E+11,98025000,"712,081,290,197",64660
277,SVT,SX,1976,25549224562,1647,11450,FAC,CNTP,26-03-2024,35711236957,1.99446E+11,2.35157E+11,1312863469,1312863469,,2.33845E+11,71021763956,1.98211E+11,,33330920478,6564733150,,27000000000,"195,839,265,821",13508
278,SZC,XD,2007,218873291512,1621,44600,RSM,CNTP,4/3/2024,2.06441E+12,4.89672E+12,6.96113E+12,5.22381E+12,1.78936E+12,3.43445E+12,1.73732E+12,8.17957E+11,5.352E+12,30000000000,67309491649,63696134628,1.62122E+12,324145994,"7,797,463,296,647",14478
279,SZL,XD,2003,103593524648,3034,36400,RSM,CNTP,4/3/2024,4.23844E+11,1.49173E+12,1.91557E+12,1.29494E+12,1.8295E+11,1.11199E+12,6.20626E+11,4.41071E+11,9.95341E+11,70000000000,54385732034,23823123566,1.16184E+11,3680592539,"1,077,079,053,217",22697
280,TBC,TI,1971,168614104099,1980,38000,EY,CNTP,11/3/2024,3.73682E+11,1.16223E+12,1.53591E+12,1.96804E+11,1.51804E+11,45000000000,1.33911E+12,4.30944E+11,2.413E+12,10000000000,2.1943E+11,1.5993E+11,5527795086,,"2,389,694,068,175",21088
281,TCD,XD,1990,175423264616,461,7120,AASCS,CNTP,18-03-2024,6.30184E+12,2.87946E+12,9.1813E+12,5.39428E+12,4.36012E+12,1.03415E+12,3.78702E+12,1.78492E+12,2.01269E+12,1.02683E+11,5.37292E+12,7.97517E+11,5.08274E+11,1.23065E+12,"3,797,316,644,104",13397
282,TCH,XD,1995,1182554963102,1252,13200,,,,1.25083E+13,2.04452E+12,1.45528E+13,2.17986E+12,2.07415E+12,1.05709E+11,1.2373E+13,3.80587E+12,8.82045E+12,1.48272E+12,4.19569E+11,3.18396E+11,9.92478E+12,,"8,368,853,631,024",18516
283,TCL,VT,2007,134421318574,3691,37850,A&C,CNTP,23-03-2024,4.74242E+11,4.66241E+11,9.40482E+11,3.41621E+11,2.88612E+11,53009232656,5.98861E+11,1.52942E+12,1.1415E+12,1.388E+11,2.4827E+11,2.31658E+11,12916648263,19991300000,"1,086,736,745,889",19857
284,TCM,SX,1967,133804252735,1211,40750,PWC,CNTP,11/3/2024,2.13075E+12,1.14861E+12,3.27936E+12,1.26923E+12,1.17341E+12,95812892584,2.01014E+12,3.32794E+12,3.77334E+12,3.12811E+11,3.29026E+11,3.77596E+11,1.05258E+12,440373011,"4,019,032,978,014",21708
285,TCO,VT,2008,7182250123,372,8990,EY,CNTP,1/3/2024,8.64898E+11,3.02295E+11,1.16719E+12,8.50878E+11,8.24515E+11,26363096000,3.16316E+11,29483885048,1.68212E+11,54920581824,7.36933E+11,44777224718,57363654238,534342260,"607,302,661,956",16905
286,TCR,SX,1994,-7384653188,-163,3170,AASCS,CNTP,21-03-2024,6.64161E+11,2.60939E+11,9.25099E+11,4.99176E+11,4.99008E+11,168000000,4.25923E+11,8.95893E+11,1.43998E+11,,1.55513E+11,1.46821E+11,4.23099E+11,20146800385,"401,973,899,423",9376
287,TCT,VT,1998,18348161361,1435,22350,AASC,CNTP,21-03-2024,3.49061E+11,12615616759,3.61676E+11,30448453991,30448453991,,3.31228E+11,43115305850,2.85812E+11,23870000000,3.14198E+11,250057019,7818408565,,"283,546,796,607",25901
288,TDC,XD,2002,-402796465319,-4032,9910,A&C,CNTPGT,28-03-2024,7.98945E+11,2.81152E+12,3.61047E+12,2.81997E+12,2.13012E+12,6.89855E+11,7.90497E+11,5.83803E+11,9.91E+11,3500000000,3.26322E+11,3.07972E+11,3.98593E+11,4.46499E+11,"2,556,416,265,403",7905
289,TDG,BB,2005,3064968954,164,3730,TTP,CNTP,29-01-2024,3.94686E+11,2.59599E+11,6.54285E+11,4.16428E+11,3.71899E+11,44528996072,2.37857E+11,1.35546E+12,72247011560,42886060400,1.07847E+11,93447582481,2.21414E+11,60000000,"346,838,871,629",12280
290,TDH,XD,1990,-62753025320,-554,4640,EY,CNTP,30-03-2024,8.53499E+11,4.80004E+11,1.3335E+12,9.57819E+11,9.23908E+11,33911140787,3.75683E+11,1.20442E+11,5.22709E+11,3795918000,5.58062E+11,2.27561E+11,4.3658E+11,3.58303E+11,"510,376,530,667",3335
291,TDM,TI,2013,283449860715,2608,40550,AASC,CNTP,29-02-2024,5.05344E+11,2.09812E+12,2.60347E+12,5.66831E+11,5.14512E+11,52318830455,2.03664E+12,5.32574E+11,4.055E+12,40000000000,3.51183E+11,72153723569,2056181169,,"4,617,670,657,893",20366
292,TDP,SX,2007,42343810134,561,27600,EY,CNTP,26-03-2024,2.67257E+12,9.98621E+11,3.67119E+12,2.81512E+12,2.61141E+12,2.03712E+11,8.56071E+11,3.81972E+12,2.08457E+12,4.56922E+11,5.69067E+11,3.53653E+11,1.35251E+12,1.59873E+11,"4,235,691,086,251",11334
293,TDW,TI,1991,53906315851,6342,45500,UHY,CNTPGT,25-03-2024,1.8406E+11,2.82315E+11,4.66375E+11,2.33149E+11,2.1565E+11,17499294439,2.33226E+11,1.28267E+12,3.8675E+11,1450000000,18882100672,16580043485,57823268273,175000000,"324,601,425,475",27438
294,TEG,SX,2011,81658654101,937,9840,A&C,CNTP,26-03-2024,4.29407E+11,7.38824E+11,1.16823E+12,1.90857E+11,1.8707E+11,3787000000,9.77374E+11,3.25521E+11,7.16417E+11,403200000,3.50324E+11,41671770533,51264554768,1350000,"1,293,052,697,707",13424
295,THG,SX,2003,118834764309,4777,39250,FAC,CNTP,27-03-2024,1.31295E+12,5.39278E+11,1.85223E+12,1.16376E+12,9.90639E+11,1.73117E+11,6.88474E+11,1.66978E+12,9.01097E+11,65919531576,2.87482E+11,2.6486E+11,7.30528E+11,330945615,"1,170,155,494,415",29989
296,TIP,XD,2002,178381748116,2676,23900,AASC,CNTP,12/3/2024,1.52485E+12,4.54845E+11,1.97969E+12,2.36853E+11,54855240826,1.81997E+11,1.74284E+12,1.57745E+11,1.55369E+12,76400000000,1.23558E+12,17897139023,1.51849E+11,21824651700,"1,495,280,165,101",26810
297,TIX,XD,1981,105439256863,3014,33500,A&C,CNTP,21-11-2023,3.95806E+11,8.18003E+11,1.21381E+12,3.70624E+11,86816126109,2.83808E+11,8.43186E+11,2.09234E+11,1.005E+12,2.86429E+11,42429217181,17843764726,4678304018,11858395529,"944,533,792,444",28106
298,TLD,SX,2000,4954219238,66,5650,NVT,CNNT,29-03-2024,7.38576E+11,2.71845E+11,1.01042E+12,2.15106E+11,1.81503E+11,33603076724,7.95315E+11,3.29316E+11,4.39239E+11,8299852629,2.13369E+11,1.00729E+11,5.00207E+11,,"600,585,460,788",10230
299,TLG,SX,1981,356174272581,4147,51000,PWC,CNTP,29-03-2024,2.07446E+12,7.33993E+11,2.80845E+12,7.14468E+11,6.59537E+11,54930819159,2.09398E+12,3.49667E+12,4.00832E+12,4.47342E+11,4.38809E+11,3.90722E+11,8.55426E+11,12978175740,"4,007,925,459,619",26643
300,TLH,BB,1988,4103922989,35,8280,AASC,CNTP,27-03-2024,3.56221E+12,5.65613E+11,4.12782E+12,2.26691E+12,2.25917E+12,7735361430,1.86091E+12,6.15869E+12,9.3001E+11,42832316463,8.20745E+11,7.14746E+11,2.42583E+12,15488120415,"2,110,415,370,226",16568
301,TMP,TI,1994,460182688074,6500,68100,EY,CNTP,26-03-2024,1.01561E+12,1.12957E+12,2.14518E+12,5.58304E+11,2.25872E+11,3.32432E+11,1.58688E+12,8.5404E+11,4.767E+12,2.465E+11,6.88726E+11,6.36444E+11,727990195,854107000,"5,058,676,123,548",22670
302,TMS,VT,1983,173050459997,865,45000,EY,CNTP,29-03-2024,1.81692E+12,5.69632E+12,7.51324E+12,2.74459E+12,9.48725E+11,1.79587E+12,4.76865E+12,2.40323E+12,7.12165E+12,5.36883E+11,6.64614E+11,3.75893E+11,13011984414,21804878209,"8,873,324,922,550",30132
303,TMT,SX,1976,2395394101,77,15700,UHY,CNTP,30-03-2024,1.63745E+12,5.32298E+11,2.16975E+12,1.7323E+12,1.54548E+12,1.86821E+11,4.37453E+11,2.65237E+12,5.78984E+11,3989210761,2.06835E+11,73943929424,1.40751E+12,110000000,"1,821,748,979,019",11862
304,TN1,XD,2014,51843397272,1026,15200,EY,CNTP,21-03-2024,1.41105E+12,2.77658E+11,1.68871E+12,7.68176E+11,2.77376E+11,4.908E+11,9.20534E+11,9.78884E+11,7.54922E+11,6.39849E+11,3.75176E+11,3.87768E+11,1.29496E+11,3567713672,"989,889,535,260",18535
305,TNA,BB,1994,3384992151,31,5880,,,,1.8029E+12,5.23014E+11,2.32592E+12,1.74424E+12,1.73208E+12,12166577229,5.81677E+11,4.69081E+12,2.8948E+11,52575501268,6.15892E+11,5.6495E+11,1.11872E+12,6796096440,"849,849,391,563",11815
306,TNC,SX,1991,32838689244,1392,64300,BDO,CNTP,14-03-2024,2.0257E+11,1.64159E+11,3.66729E+11,34194957296,34194957296,,3.32534E+11,1.29523E+11,1.23778E+12,1.361E+11,12010234345,7111095895,42658057427,,"1,227,155,243,618",17275
307,TNH,DV,2013,139223043992,1431,21450,Deloitte,CNTP,26-03-2024,6.20258E+11,1.51031E+12,2.13057E+12,4.07041E+11,2.24248E+11,1.82794E+11,1.72353E+12,5.31949E+11,2.05501E+12,,4.00504E+11,13137582567,14642837686,,"2,181,650,372,043",17990
308,TNI,BB,2004,478172346,5,2670,ASCO,CNTP,22-03-2024,6.00317E+11,3.04089E+11,9.04406E+11,3.73004E+11,3.46417E+11,26586916581,5.31403E+11,7.61387E+11,1.40175E+11,9341701540,2.9835E+11,2.5629E+11,2.82529E+11,,"420,541,518,272",10122
309,TNT,KK,2006,18680487551,300,4620,TTP,CNTP,11/3/2024,5.81103E+11,1.02354E+12,1.60464E+12,9.26197E+11,84522774617,8.41674E+11,6.78448E+11,6.37509E+11,2.3562E+11,30700000,2.88428E+11,82644042743,28555320204,9.96713E+11,"795,757,948,172",13303
310,TPC,SX,1984,-48776129315,-2166,5800,A&C,CNTP,20-03-2024,2.39356E+11,2.22555E+11,4.61911E+11,1.74753E+11,1.74753E+11,,2.87158E+11,5.67046E+11,1.30598E+11,78000000000,84058363650,80653025486,50121240416,,"243,450,619,062",12753
311,TRA,SX,1972,285268918604,5535,89000,EY,CNTP,19-03-2024,1.53049E+12,5.93406E+11,2.1239E+12,6.34846E+11,6.34846E+11,,1.48905E+12,2.30241E+12,3.6891E+12,4.15029E+11,2.38916E+11,2.16115E+11,4.69754E+11,,"3,489,980,978,162",35912
312,TRC,SX,2006,67591479772,2321,31100,AASC,CNTP,20-02-2024,3.93489E+11,1.60277E+12,1.99626E+12,3.45551E+11,1.76902E+11,1.6865E+11,1.65071E+12,5.62679E+11,9.05788E+11,,2.00337E+11,6226911846,49825966756,1831600000,"1,009,024,445,372",56677
313,TSC,BB,1986,-11200183106,-100,3740,A&C,CNTP,25-03-2024,1.8505E+12,1.12409E+12,2.97459E+12,4.88227E+11,4.56542E+11,31684456945,2.48636E+12,4.77534E+11,7.36252E+11,4.04852E+11,1.34177E+12,75893784913,65121499916,19200000,"1,106,643,220,954",12630
314,TTA,TI,2008,101460434802,420,7990,NVT,CNTP,15-03-2024,1.96548E+11,4.17999E+12,4.37654E+12,2.39495E+12,4.1143E+11,1.98352E+12,1.98159E+12,6.55479E+11,1.35876E+12,,1.92335E+11,87028879344,,,"3,515,388,221,683",11652
315,TTE,TI,2014,-1665558769,-65,10900,ASCO,CNTPGT,30-03-2024,3.00402E+11,9.49699E+11,1.2501E+12,9.29025E+11,1.90235E+11,7.3879E+11,3.21076E+11,1.42662E+11,3.10545E+11,,2.58904E+11,35088897793,,53747965,"907,740,939,962",11270
316,TTF,SX,2003,-144246908185,-325,4250,EY,CNTP,30-03-2024,1.82076E+12,1.0297E+12,2.85046E+12,2.58333E+12,1.51775E+12,1.06558E+12,2.6713E+11,1.56737E+12,1.67251E+12,69192527439,8.50048E+11,6.1352E+11,6.16167E+11,,"1,591,938,178,671",230
317,TV2,DV,1981,53146020662,787,37800,EY,CNTP,28-03-2024,1.60992E+12,8.51123E+11,2.46105E+12,1.12732E+12,1.08672E+12,40597339843,1.33373E+12,1.06134E+12,2.55249E+12,1.45E+11,1.24129E+12,1.17854E+12,72386965450,2073191943,"2,632,023,271,512",19751
318,TVT,SX,1962,12685672219,557,16150,AFC,CNTP,28-03-2024,9.74264E+11,4.82036E+11,1.4563E+12,8.80434E+11,7.76119E+11,1.04316E+11,5.75866E+11,1.68351E+12,3.3915E+11,1.09E+11,1.9882E+11,1.91294E+11,4.95203E+11,100000000,"723,006,172,234",27422
319,TYA,SX,1992,961317011,30,10300,KPMG,CNTP,15-03-2024,8.71638E+11,83705171725,9.55343E+11,4.75608E+11,4.75608E+11,,4.79735E+11,1.46779E+12,3.1601E+11,2.68852E+11,2.41428E+11,2.13403E+11,2.86865E+11,,"673,960,924,236",15636
320,UIC,TI,2000,48654367161,6021,32500,CPA VIETNAM,CNTP,13-03-2024,3.47647E+11,2.23107E+11,5.70753E+11,1.63791E+11,1.52089E+11,11701528022,4.06963E+11,2.45003E+12,2.6E+11,,1.28945E+11,1.13085E+11,1.19685E+11,,"212,650,355,939",50870
321,VAF,SX,1960,63197613834,1678,13800,AnViet,CNNT,11/3/2024,5.51209E+11,1.09321E+11,6.6053E+11,1.55628E+11,1.47706E+11,7922685901,5.04902E+11,1.00161E+12,5.19782E+11,,23837834575,21967614801,4.28186E+11,,"433,852,666,049",13405
322,VCA,SX,2008,7291130934,480,8650,AASC,CNTP,20-02-2024,2.44345E+11,38305147177,2.8265E+11,90455887467,90455887467,,1.92194E+11,1.72695E+12,1.3137E+11,,55223076790,54106027951,1.68211E+11,,"162,286,411,833",12655
323,VCF,SX,1969,449952829755,16929,189200,KPMG,CNTP,1/3/2024,1.79191E+12,8.66493E+11,2.65841E+12,5.45622E+11,5.40932E+11,4689694250,2.11278E+12,2.37245E+12,5.02877E+12,3.2432E+11,9.79521E+11,3.59589E+11,2.11699E+11,5.79352E+11,"4,917,512,136,141",79490
324,VCG,XD,1988,396437714817,752,24700,EY,CNTP,29-03-2024,1.86808E+13,1.20135E+13,3.06944E+13,2.04533E+13,1.44222E+13,6.03112E+12,1.0241E+13,1.27098E+13,1.32013E+13,1.48761E+12,7.07014E+12,2.48309E+12,6.92284E+12,6179711939,"21,630,165,041,217",18980
325,VDP,SX,1993,80218843610,4766,39000,AASC,CNTP,22-03-2024,8.75016E+11,2.18429E+11,1.09345E+12,3.61463E+11,3.61463E+11,,7.31982E+11,1.07591E+12,7.17713E+11,1.19E+11,2.38612E+11,2.00706E+11,2.96736E+11,1037530568,"685,082,349,102",39775
326,VFG,BB,1993,295577433645,6217,36000,EY,CNTP,25-03-2024,2.57276E+12,3.72845E+11,2.94561E+12,1.69998E+12,1.69799E+12,1993449076,1.24563E+12,3.55731E+12,1.50165E+12,2.00288E+11,1.17775E+12,7.09975E+11,1.07898E+12,1848754720,"1,745,521,081,482",29862
327,VGC,SX,1974,1162239141678,2717,54900,Deloitte,CNTP,28-02-2024,9.10481E+12,1.49954E+13,2.41002E+13,1.45759E+13,8.33721E+12,6.23867E+12,9.52432E+12,1.33425E+13,2.46144E+13,6.26587E+11,1.11733E+12,9.36464E+11,4.96407E+12,2.55066E+11,"27,907,535,113,472",21159
328,VHC,SX,1997,973756841307,4998,74400,PWC,CNTP,28-03-2024,7.88816E+12,4.05439E+12,1.19425E+13,3.35149E+12,3.23291E+12,1.18579E+11,8.59106E+12,1.00758E+13,1.39161E+13,2.06851E+12,1.5779E+12,1.43858E+12,4.18485E+12,2871356075,"15,563,228,287,149",45931
329,VHM,XD,2008,33532876719728,7664,43200,EY,CNTP,9/3/2024,2.42341E+14,2.0229E+14,4.44631E+14,2.61994E+14,2.11073E+14,5.09211E+13,1.82636E+14,1.03557E+14,1.88109E+14,3.83395E+12,1.32871E+14,1.9513E+13,5.53719E+13,3.38001E+13,"230,689,083,477,714",41943
330,VIC,XD,2002,2056061000000,565,44600,EY,CNTP,29-03-2024,3.43536E+14,3.24119E+14,6.67656E+14,5.19434E+14,4.01298E+14,1.18136E+14,1.48222E+14,1.61453E+14,1.70535E+14,6.99867E+12,1.68115E+14,2.74735E+13,1.02041E+14,8.23748E+12,"354,984,222,864,400",38621
331,VID,BB,1974,38082723040,516,5170,AASCN,CNTP,26-03-2024,7.87259E+11,4.65509E+11,1.25277E+12,6.04411E+11,5.90411E+11,14000000000,6.48358E+11,1.31233E+12,2.11122E+11,84638807671,2.93589E+11,3.24411E+11,3.07199E+11,30154325000,"423,617,555,621",15877
332,VIP,VT,1980,86938072199,1079,11350,KPMG,CNTP,27-03-2024,9.52337E+11,4.75057E+11,1.42739E+12,1.52683E+11,1.37116E+11,15567368385,1.27471E+12,5.49614E+11,7.77145E+11,7.0075E+11,68621800142,76730872912,76802174149,2586303754,"674,482,349,483",18617
333,VJC,VT,2007,231413415351,426,108000,PWC,CNTP,1/4/2024,4.0827E+13,4.60985E+13,8.69254E+13,7.16723E+13,3.88615E+13,3.28108E+13,1.52531E+13,5.83406E+13,5.8494E+13,6.13344E+11,3.42431E+13,1.23168E+13,7.03385E+11,2.63057E+13,"84,254,113,762,981",28163
334,VMD,BB,1984,31189485627,1737,17000,IAC,CNTPGT,28-03-2024,1.62004E+12,2.35757E+11,1.8558E+12,1.43182E+12,1.41174E+12,20076529155,4.2398E+11,3.55226E+12,2.62485E+11,39648540140,1.07262E+12,7.50955E+11,2.58851E+11,4946247015,"52,678,382,327",27335
335,VNE,XD,1988,-28540034583,-221,6700,CPA VIETNAM,CNNT,11/4/2024,1.96838E+12,1.78598E+12,3.75436E+12,2.74778E+12,2.00122E+12,7.4656E+11,1.00659E+12,1.05769E+12,5.4977E+11,25453052944,1.16656E+12,8.10146E+11,5.58128E+11,7456007144,"2,301,023,980,334",12267
336,VNG,DV,1995,3394075556,34,10000,EY,CNTP,30-03-2024,7.78504E+11,3.13153E+12,3.91004E+12,2.79093E+12,7.18004E+11,2.07292E+12,1.11911E+12,7.42666E+11,9.72766E+11,12000000000,5.60424E+11,1.12046E+11,9095998617,94718115648,"3,108,465,534,283",11504
337,VNL,VT,1999,37313675053,2586,14000,RSM,CNTP,21-03-2024,2.94764E+11,95735912848,3.905E+11,1.20806E+11,78445105870,42361050000,2.69694E+11,7.29154E+11,1.97967E+11,30000000000,1.95721E+11,2.02894E+11,,2110230880,"130,779,249,356",19072
338,VNM,SX,1976,9019354165051,3796,67600,KPMG,CNTP,27-02-2024,3.59359E+13,1.67375E+13,5.26734E+13,1.76476E+13,1.71387E+13,5.08937E+11,3.50257E+13,6.04789E+13,1.41281E+14,2.01372E+13,6.52971E+12,4.80818E+12,6.16594E+12,16131990975,"146,825,193,968,442",16759
339,VNS,VT,1995,151204579998,2212,13200,EY,CNTP,29-03-2024,5.49222E+11,1.10383E+12,1.65305E+12,4.85123E+11,1.77465E+11,3.07658E+11,1.16792E+12,1.2188E+12,8.95741E+11,2.81363E+11,1.28496E+11,1.09258E+11,8713538330,1377412250,"1,064,006,298,745",17211
340,VOS,VT,1970,155371166443,1110,11400,UHY,CNTP,28-02-2024,1.58102E+12,1.13412E+12,2.71515E+12,1.043E+12,5.2427E+11,5.18734E+11,1.67214E+12,3.18869E+12,1.596E+12,5.65E+11,5.154E+11,1.93023E+11,1.23258E+11,31481458806,"1,335,592,993,682",11944
341,VPD,TI,2002,190499505385,1787,23600,UHY,CNTP,18-03-2024,2.53332E+11,1.56347E+12,1.8168E+12,2.48537E+11,1.69777E+11,78760387751,1.56827E+12,5.41885E+11,2.51552E+12,,2.02125E+11,1.95088E+11,1348129884,,"2,633,760,996,387",14713
342,VPG,BB,2008,19381309870,220,16900,Deloitte,CNTP,25-03-2024,6.46118E+12,6.94267E+11,7.15545E+12,5.66246E+12,5.27645E+12,3.86004E+11,1.49299E+12,6.33772E+12,1.4231E+12,,1.87416E+12,3.60646E+11,2.99446E+12,612500000,"1,997,254,008,477",17730
343,VPH,XD,1999,-821558557,-9,8490,UHY,CNTPGT,5/4/2024,1.90751E+12,4.58817E+11,2.36633E+12,1.34592E+12,1.34461E+12,1306834500,1.02042E+12,76123892180,8.09588E+11,131688000,8.12789E+11,25015127815,1.07195E+12,99690922927,"1,582,691,253,080",10701
344,VPI,XD,2003,450750006472,2051,55000,EY,CNTP,22-03-2024,5.9504E+12,6.58046E+12,1.25309E+13,8.56423E+12,4.67456E+12,3.88967E+12,3.96663E+12,1.86484E+12,1.331E+13,5103055000,2.00212E+12,1.03326E+11,3.70977E+12,7.05235E+11,"18,477,062,916,523",16391
345,VPS,SX,1976,14281971137,555,10350,AASC,CNTP,29-02-2024,4.3351E+11,98647617493,5.32158E+11,1.98339E+11,1.95013E+11,3326139880,3.33819E+11,5.63274E+11,2.53169E+11,3000000000,2.46001E+11,2.9749E+11,1.06841E+11,210320000,"226,572,885,731",13642
346,VRC,XD,1980,402544431,4,8050,A&C,CNTP,29-03-2024,1.23143E+12,4.87728E+11,1.71916E+12,4.59353E+11,3.59333E+11,1.0002E+11,1.2598E+12,3911753367,4.025E+11,,29436306177,32234587259,1.17587E+12,,"709,002,730,284",25196
347,VRE,XD,2012,4408807516185,1940,23300,KPMG,CNTP,23-03-2024,1.00364E+13,3.76173E+13,4.76537E+13,9.82688E+12,6.24487E+12,3.58201E+12,3.78269E+13,9.79133E+12,5.2945E+13,1.07098E+12,1.61279E+12,1.46071E+12,6.39957E+11,12169450137,"52,779,049,204,385",16647
348,VSC,VT,1985,199022025920,844,29000,PWC,CNTP,29-03-2024,1.34612E+12,3.84481E+12,5.19093E+12,1.89662E+12,4.03172E+11,1.49345E+12,3.29431E+12,2.18095E+12,3.86847E+12,4.25016E+11,4.64365E+11,2.05263E+11,29065056002,8.27204E+11,"5,066,572,422,095",24696
349,VSH,TI,1994,993989892910,4208,44800,EY,CNTP,5/3/2024,1.46195E+12,8.07125E+12,9.5332E+12,4.93833E+12,1.194E+12,3.74434E+12,4.59486E+12,2.57204E+12,1.05836E+13,35000000000,1.1889E+12,1.1721E+12,1.04579E+11,,"14,189,233,509,378",19450
350,VSI,XD,2008,25653079229,1990,18000,AASCS,CNTP,13-03-2024,2.11481E+11,3.04491E+11,5.15972E+11,3.21645E+11,1.62697E+11,1.58949E+11,1.94326E+11,4.65001E+11,2.376E+11,10000000000,1.03521E+11,1.05364E+11,14777267846,,"294,115,838,912",14721
351,VTB,SX,1973,10709597144,1000,14300,UHY,CNTP,26-02-2024,1.16288E+11,1.14374E+11,2.30662E+11,44231935622,21106930232,23125005390,1.8643E+11,1.13424E+11,1.54505E+11,55587396250,19970019339,14160362212,34587545009,18215447540,"152,032,176,334",17255
352,VTO,VT,2006,75599212863,706,9500,KPMG,CNTP,22-03-2024,9.42109E+11,7.01741E+11,1.64385E+12,4.99584E+11,2.82641E+11,2.16943E+11,1.14427E+12,1.07662E+12,7.58733E+11,,1.08596E+11,82427793431,91849416173,233500000,"303,147,899,685",14327
353,VTP,VT,1997,379877264422,2652,56900,AASC,CNTP,22-03-2024,5.49624E+12,9.3805E+11,6.43429E+12,4.85308E+12,4.79968E+12,53397059216,1.58122E+12,1.95875E+13,6.92946E+12,1.69794E+12,2.24523E+12,1.37083E+12,3.97845E+11,24023476825,"7,746,241,517,039",12984
354,YBM,SX,2015,13405039079,937,8750,A&C,CNTP,29-03-2024,2.89941E+11,2.74883E+11,5.64824E+11,3.83771E+11,2.89555E+11,94216052090,1.81053E+11,5.55433E+11,1.25124E+11,10713226000,1.50661E+11,1.17729E+11,78234930239,353298600,"421,108,525,993",12661
355,YEG,DV,2006,26518959327,565,12050,EY,CNTP,29-03-2024,9.4764E+11,9.12758E+11,1.8604E+12,4.77099E+11,4.08624E+11,68475256799,1.3833E+12,4.14367E+11,1.58281E+12,230000000,8.45395E+11,2.39558E+11,63724327379,3.89469E+11,"1,784,722,749,661",10531
